bureau_score_id,cnpj,score,consulted_at
1,99000017386761,577,2023-01-08 11:17:00
2,99000017386761,569,2024-10-02 11:17:00
3,99000028797073,598,2021-10-15 12:45:00
4,99000028797073,601,2023-06-04 12:45:00
5,99000028797073,588,2025-10-28 12:45:00
6,99000034823995,543,2024-04-01 12:12:00
7,99000034823995,541,2024-07-25 12:12:00
8,99000034823995,503,2024-12-06 12:12:00
9,99000034823995,518,2025-05-04 12:12:00
10,99000045807515,497,2025-09-15 10:46:00
11,99000045807515,478,2026-01-17 10:46:00
12,99000057612292,607,2024-07-27 21:48:00
13,99000057612292,622,2024-10-15 21:48:00
14,99000057612292,659,2024-12-25 21:48:00
15,99000057612292,651,2025-02-09 21:48:00
16,99000057612292,668,2025-08-02 21:48:00
17,99000064096598,625,2023-12-31 10:34:00
18,99000064096598,604,2024-01-14 10:34:00
19,99000064096598,627,2024-01-30 10:34:00
20,99000064096598,621,2024-02-09 10:34:00
21,99000071159019,551,2022-11-16 06:33:00
22,99000071159019,525,2022-12-03 06:33:00
23,99000071159019,534,2023-07-03 06:33:00
24,99000071159019,521,2023-08-08 06:33:00
25,99000071159019,478,2024-03-05 06:33:00
26,99000084783435,543,2025-11-09 10:09:00
27,99000084783435,534,2025-11-12 10:09:00
28,99000093560867,754,2023-12-05 00:05:00
29,99000093560867,757,2024-06-16 00:05:00
30,99000093560867,756,2024-10-07 00:05:00
31,99000109181582,448,2022-02-02 05:42:00
32,99000109181582,480,2022-03-04 05:42:00
33,99000109181582,473,2023-07-28 05:42:00
34,99000109181582,481,2024-05-01 05:42:00
35,99000109181582,492,2026-01-16 05:42:00
36,99000116880952,625,2025-04-10 12:08:00
37,99000116880952,630,2025-08-14 12:08:00
38,99000122398973,717,2023-04-27 07:51:00
39,99000122398973,696,2024-04-25 07:51:00
40,99000122398973,680,2024-06-16 07:51:00
41,99000122398973,682,2025-10-01 07:51:00
42,99000138127769,510,2025-01-24 11:27:00
43,99000138127769,504,2025-06-02 11:27:00
44,99000138127769,530,2025-09-23 11:27:00
45,99000149952314,685,2025-02-19 11:20:00
46,99000149952314,714,2025-06-18 11:20:00
47,99000149952314,729,2025-06-21 11:20:00
48,99000149952314,736,2026-01-02 11:20:00
49,99000158088307,635,2024-02-24 22:30:00
50,99000158088307,631,2024-05-11 22:30:00
51,99000158088307,596,2026-01-17 22:30:00
52,99000166876298,579,2025-12-04 10:06:00
53,99000166876298,616,2025-12-14 10:06:00
54,99000166876298,635,2025-12-27 10:06:00
55,99000166876298,614,2026-04-10 10:06:00
56,99000171322584,618,2025-07-01 06:06:00
57,99000171322584,623,2025-07-31 06:06:00
58,99000171322584,654,2025-09-06 06:06:00
59,99000171322584,643,2025-11-02 06:06:00
60,99000171322584,636,2025-12-26 06:06:00
61,99000183214599,458,2024-09-21 10:44:00
62,99000183214599,472,2025-11-06 10:44:00
63,99000193813129,617,2025-03-30 11:29:00
64,99000193813129,641,2026-06-01 11:29:00
65,99000201544755,524,2024-08-21 23:20:00
66,99000201544755,522,2024-12-12 23:20:00
67,99000201544755,503,2026-01-14 23:20:00
68,99000201544755,509,2026-02-18 23:20:00
69,99000214547131,657,2022-01-22 19:14:00
70,99000214547131,673,2022-03-17 19:14:00
71,99000214547131,678,2022-09-09 19:14:00
72,99000214547131,685,2023-02-13 19:14:00
73,99000214547131,725,2024-07-07 19:14:00
74,99000228764880,539,2023-07-23 01:06:00
75,99000228764880,545,2025-03-12 01:06:00
76,99000233997847,583,2021-10-18 00:36:00
77,99000233997847,569,2021-10-19 00:36:00
78,99000233997847,555,2024-07-24 00:36:00
79,99000233997847,549,2025-06-27 00:36:00
80,99000243343136,575,2021-02-22 18:30:00
81,99000243343136,557,2021-08-25 18:30:00
82,99000243343136,561,2022-07-24 18:30:00
83,99000257149324,535,2022-12-21 04:10:00
84,99000257149324,537,2023-02-05 04:10:00
85,99000257149324,549,2023-09-28 04:10:00
86,99000257149324,581,2024-01-16 04:10:00
87,99000257149324,549,2024-11-04 04:10:00
88,99000261437123,609,2024-07-13 03:57:00
89,99000261437123,597,2024-07-23 03:57:00
90,99000261437123,595,2025-02-17 03:57:00
91,99000288349019,547,2026-03-03 17:09:00
92,99000288349019,530,2026-03-13 17:09:00
93,99000288349019,522,2026-05-20 17:09:00
94,99000288349019,523,2026-05-25 17:09:00
95,99000291799739,480,2023-07-01 14:10:00
96,99000291799739,487,2023-09-13 14:10:00
97,99000291799739,502,2024-01-01 14:10:00
98,99000318699423,707,2021-12-04 19:38:00
99,99000318699423,688,2022-01-08 19:38:00
100,99000318699423,731,2022-01-31 19:38:00
101,99000318699423,753,2022-02-09 19:38:00
102,99000326430819,550,2022-03-08 16:04:00
103,99000326430819,555,2023-04-12 16:04:00
104,99000326430819,556,2024-03-12 16:04:00
105,99000333865591,639,2025-06-05 08:17:00
106,99000333865591,655,2025-06-15 08:17:00
107,99000333865591,679,2025-06-18 08:17:00
108,99000333865591,677,2025-07-20 08:17:00
109,99000344726234,481,2021-10-14 02:18:00
110,99000344726234,489,2023-11-09 02:18:00
111,99000354118307,729,2020-12-23 07:26:00
112,99000354118307,716,2021-07-06 07:26:00
113,99000354118307,740,2022-02-03 07:26:00
114,99000354118307,725,2022-04-12 07:26:00
115,99000354118307,745,2023-01-08 07:26:00
116,99000376344474,535,2021-05-23 15:07:00
117,99000376344474,536,2021-06-05 15:07:00
118,99000376344474,523,2021-06-07 15:07:00
119,99000376344474,515,2021-06-20 15:07:00
120,99000376344474,503,2021-08-22 15:07:00
121,99000388149270,610,2023-01-31 19:33:00
122,99000388149270,610,2023-04-18 19:33:00
123,99000388149270,623,2023-11-05 19:33:00
124,99000404735418,551,2022-06-09 23:16:00
125,99000404735418,520,2022-07-21 23:16:00
126,99000404735418,512,2022-08-02 23:16:00
127,99000415024633,599,2022-03-23 21:46:00
128,99000415024633,626,2022-03-27 21:46:00
129,99000415024633,631,2022-06-11 21:46:00
130,99000422707891,590,2023-05-27 14:15:00
131,99000422707891,616,2023-06-15 14:15:00
132,99000422707891,608,2023-06-22 14:15:00
133,99000422707891,598,2023-08-08 14:15:00
134,99000422707891,645,2023-09-16 14:15:00
135,99000438551276,589,2021-03-18 06:05:00
136,99000438551276,604,2021-04-06 06:05:00
137,99000438551276,624,2021-05-25 06:05:00
138,99000438551276,615,2021-07-21 06:05:00
139,99000438551276,645,2021-08-16 06:05:00
140,99000447764966,570,2023-06-23 10:09:00
141,99000447764966,578,2023-07-19 10:09:00
142,99000447764966,585,2023-09-14 10:09:00
143,99000457458524,601,2021-03-18 16:55:00
144,99000457458524,597,2021-08-17 16:55:00
145,99000457458524,600,2024-05-21 16:55:00
146,99000457458524,600,2024-07-11 16:55:00
147,99000457458524,543,2024-12-31 16:55:00
148,99000461316528,562,2024-11-26 22:17:00
149,99000461316528,581,2024-12-23 22:17:00
150,99000461316528,563,2025-01-02 22:17:00
151,99000461316528,549,2025-01-03 22:17:00
152,99000461316528,565,2025-01-17 22:17:00
153,99000477949951,549,2023-04-20 16:18:00
154,99000477949951,557,2023-06-06 16:18:00
155,99000477949951,588,2023-11-20 16:18:00
156,99000477949951,559,2024-03-31 16:18:00
157,99000477949951,627,2024-04-06 16:18:00
158,99000493193878,550,2025-12-25 21:02:00
159,99000493193878,537,2026-01-04 21:02:00
160,99000493193878,547,2026-02-06 21:02:00
161,99000493193878,537,2026-02-18 21:02:00
162,99000506812985,482,2020-12-16 03:17:00
163,99000506812985,463,2021-04-25 03:17:00
164,99000506812985,472,2021-05-01 03:17:00
165,99000506812985,448,2021-06-18 03:17:00
166,99000534879220,739,2024-01-27 04:21:00
167,99000534879220,733,2024-05-31 04:21:00
168,99000534879220,726,2024-09-26 04:21:00
169,99000534879220,701,2026-05-19 04:21:00
170,99000548244869,473,2024-02-25 13:11:00
171,99000548244869,484,2025-02-13 13:11:00
172,99000548244869,488,2025-09-08 13:11:00
173,99000556478669,664,2021-11-24 16:41:00
174,99000556478669,644,2022-01-16 16:41:00
175,99000556478669,648,2024-09-27 16:41:00
176,99000569418431,593,2021-11-14 23:09:00
177,99000569418431,596,2022-03-04 23:09:00
178,99000569418431,575,2023-05-10 23:09:00
179,99000569418431,555,2023-10-11 23:09:00
180,99000574546962,632,2022-07-27 01:15:00
181,99000574546962,655,2022-07-30 01:15:00
182,99000574546962,657,2022-08-15 01:15:00
183,99000584055299,639,2021-09-11 17:08:00
184,99000584055299,660,2021-11-06 17:08:00
185,99000584055299,656,2022-01-11 17:08:00
186,99000584055299,676,2022-06-27 17:08:00
187,99000584055299,692,2023-11-16 17:08:00
188,99000597781540,527,2021-02-20 07:21:00
189,99000597781540,533,2023-08-15 07:21:00
190,99000597781540,528,2024-01-04 07:21:00
191,99000602671895,479,2023-10-19 15:08:00
192,99000602671895,445,2025-02-12 15:08:00
193,99000611406558,477,2023-04-12 11:18:00
194,99000611406558,497,2024-09-03 11:18:00
195,99000625459558,560,2023-07-31 02:10:00
196,99000625459558,560,2023-09-07 02:10:00
197,99000637883231,660,2025-10-31 08:22:00
198,99000637883231,643,2025-11-10 08:22:00
199,99000637883231,675,2025-11-21 08:22:00
200,99000666550804,581,2020-12-19 08:27:00
201,99000666550804,557,2021-05-15 08:27:00
202,99000666550804,541,2024-01-20 08:27:00
203,99000666550804,542,2024-09-21 08:27:00
204,99000672442808,576,2021-11-02 19:24:00
205,99000672442808,567,2022-01-10 19:24:00
206,99000672442808,557,2022-09-18 19:24:00
207,99000672442808,538,2024-04-12 19:24:00
208,99000672442808,541,2026-04-02 19:24:00
209,99000691388463,465,2024-08-07 10:34:00
210,99000691388463,468,2024-08-12 10:34:00
211,99000707540621,716,2022-12-21 06:26:00
212,99000707540621,697,2024-05-27 06:26:00
213,99000707540621,706,2024-06-21 06:26:00
214,99000716856255,557,2021-05-25 08:05:00
215,99000716856255,583,2021-06-07 08:05:00
216,99000716856255,585,2021-07-06 08:05:00
217,99000722206822,692,2025-12-23 21:29:00
218,99000722206822,655,2025-12-26 21:29:00
219,99000737479472,518,2023-10-16 03:45:00
220,99000737479472,516,2023-12-09 03:45:00
221,99000737479472,517,2023-12-30 03:45:00
222,99000737479472,538,2024-03-01 03:45:00
223,99000741668838,601,2021-10-07 09:01:00
224,99000741668838,623,2022-05-16 09:01:00
225,99000741668838,633,2022-06-01 09:01:00
226,99000755064057,501,2024-02-10 23:27:00
227,99000755064057,535,2025-04-26 23:27:00
228,99000755064057,532,2026-05-02 23:27:00
229,99000755064057,569,2026-05-06 23:27:00
230,99000755064057,589,2026-07-09 23:27:00
231,99000764237460,473,2023-04-29 03:00:00
232,99000764237460,488,2023-05-04 03:00:00
233,99000764237460,527,2023-06-17 03:00:00
234,99000764237460,520,2023-06-23 03:00:00
235,99000764237460,545,2023-06-29 03:00:00
236,99000799238819,592,2021-02-24 21:45:00
237,99000799238819,612,2021-04-06 21:45:00
238,99000799238819,610,2021-05-23 21:45:00
239,99000799238819,643,2021-08-18 21:45:00
240,99000799238819,646,2022-08-12 21:45:00
241,99000806944023,497,2021-09-04 18:25:00
242,99000806944023,506,2021-09-18 18:25:00
243,99000806944023,519,2021-10-01 18:25:00
244,99000806944023,536,2021-10-04 18:25:00
245,99000815218833,499,2023-04-09 09:16:00
246,99000815218833,469,2024-04-14 09:16:00
247,99000815218833,464,2024-08-14 09:16:00
248,99000815218833,461,2025-01-05 09:16:00
249,99000815218833,438,2025-07-10 09:16:00
250,99000821450960,497,2023-02-02 20:26:00
251,99000821450960,488,2026-03-29 20:26:00
252,99000821450960,475,2026-05-24 20:26:00
253,99000837757546,620,2024-10-09 23:23:00
254,99000837757546,617,2025-04-13 23:23:00
255,99000837757546,622,2025-05-19 23:23:00
256,99000837757546,654,2025-09-22 23:23:00
257,99000844941905,740,2024-10-18 11:21:00
258,99000844941905,731,2024-11-26 11:21:00
259,99000853528067,721,2024-09-24 03:38:00
260,99000853528067,705,2024-11-13 03:38:00
261,99000853528067,736,2024-12-07 03:38:00
262,99000853528067,714,2025-01-09 03:38:00
263,99000853528067,748,2025-01-11 03:38:00
264,99000862370940,485,2025-04-19 21:37:00
265,99000862370940,488,2025-07-12 21:37:00
266,99000873872408,683,2021-08-26 17:11:00
267,99000873872408,670,2023-12-26 17:11:00
268,99000873872408,664,2024-08-10 17:11:00
269,99000886397257,538,2021-06-18 15:01:00
270,99000886397257,564,2021-07-14 15:01:00
271,99000886397257,548,2021-07-21 15:01:00
272,99000886397257,578,2021-07-30 15:01:00
273,99000892595119,533,2025-07-22 15:28:00
274,99000892595119,551,2025-09-25 15:28:00
275,99000917758616,735,2024-01-10 04:59:00
276,99000917758616,743,2024-03-07 04:59:00
277,99000927612500,615,2021-09-07 11:04:00
278,99000927612500,607,2021-09-20 11:04:00
279,99000927612500,599,2021-09-21 11:04:00
280,99000927612500,599,2021-11-03 11:04:00
281,99000927612500,597,2021-11-09 11:04:00
282,99000936306111,750,2024-04-14 02:30:00
283,99000936306111,728,2024-04-27 02:30:00
284,99000944624424,652,2022-12-03 20:31:00
285,99000944624424,661,2023-01-26 20:31:00
286,99000944624424,659,2023-02-21 20:31:00
287,99000944624424,623,2023-03-26 20:31:00
288,99000958445103,593,2023-03-17 09:09:00
289,99000958445103,583,2023-07-31 09:09:00
290,99000958445103,594,2024-11-12 09:09:00
291,99000963745293,489,2023-01-28 20:57:00
292,99000963745293,479,2023-02-08 20:57:00
293,99000979457586,750,2021-06-14 05:05:00
294,99000979457586,713,2021-06-27 05:05:00
295,99000999229499,497,2021-04-16 06:38:00
296,99000999229499,508,2021-04-21 06:38:00
297,99000999229499,497,2021-07-03 06:38:00
298,99001013884420,619,2025-07-17 13:46:00
299,99001013884420,607,2025-07-25 13:46:00
300,99001013884420,595,2025-08-07 13:46:00
301,99001013884420,595,2025-08-20 13:46:00
302,99001013884420,557,2025-08-26 13:46:00
303,99001021209048,757,2022-05-16 04:05:00
304,99001021209048,740,2022-06-19 04:05:00
305,99001021209048,710,2023-05-26 04:05:00
306,99001021209048,704,2023-06-27 04:05:00
307,99001021209048,673,2023-07-07 04:05:00
308,99001034995485,525,2023-10-15 23:20:00
309,99001034995485,521,2024-10-17 23:20:00
310,99001034995485,507,2025-08-29 23:20:00
311,99001034995485,493,2025-12-26 23:20:00
312,99001034995485,519,2026-03-01 23:20:00
313,99001045900935,656,2024-06-13 21:25:00
314,99001045900935,684,2024-07-16 21:25:00
315,99001045900935,695,2024-07-30 21:25:00
316,99001053197844,707,2021-12-23 10:08:00
317,99001053197844,706,2022-06-06 10:08:00
318,99001069803838,651,2023-03-24 15:45:00
319,99001069803838,670,2026-01-11 15:45:00
320,99001083748434,576,2021-11-02 11:13:00
321,99001083748434,541,2021-12-29 11:13:00
322,99001117299033,658,2022-05-06 17:52:00
323,99001117299033,677,2024-10-18 17:52:00
324,99001117299033,706,2025-08-14 17:52:00
325,99001117299033,723,2026-03-18 17:52:00
326,99001117299033,716,2026-05-17 17:52:00
327,99001123578275,514,2021-05-19 22:34:00
328,99001123578275,530,2023-05-04 22:34:00
329,99001123578275,560,2024-02-28 22:34:00
330,99001123578275,562,2025-05-15 22:34:00
331,99001123578275,558,2025-09-18 22:34:00
332,99001138899611,707,2021-11-21 17:18:00
333,99001138899611,748,2025-04-09 17:18:00
334,99001146297360,589,2024-10-30 11:34:00
335,99001146297360,613,2025-01-17 11:34:00
336,99001146297360,652,2025-06-03 11:34:00
337,99001165557768,651,2021-02-01 11:00:00
338,99001165557768,650,2023-07-14 11:00:00
339,99001171011226,649,2023-06-08 08:09:00
340,99001171011226,656,2023-11-12 08:09:00
341,99001171011226,684,2024-09-09 08:09:00
342,99001187150562,544,2025-10-15 11:16:00
343,99001187150562,538,2026-01-16 11:16:00
344,99001187150562,517,2026-01-22 11:16:00
345,99001187150562,511,2026-03-15 11:16:00
346,99001187150562,508,2026-07-30 11:16:00
347,99001192600507,552,2023-07-29 22:13:00
348,99001192600507,524,2023-09-15 22:13:00
349,99001192600507,533,2023-09-18 22:13:00
350,99001192600507,496,2023-10-29 22:13:00
351,99001203913715,601,2023-05-21 13:00:00
352,99001203913715,587,2023-07-14 13:00:00
353,99001203913715,586,2023-07-17 13:00:00
354,99001203913715,546,2023-07-20 13:00:00
355,99001222997630,688,2021-10-18 05:37:00
356,99001222997630,715,2022-01-04 05:37:00
357,99001254042785,660,2022-01-07 15:05:00
358,99001254042785,662,2022-10-17 15:05:00
359,99001254042785,673,2023-04-05 15:05:00
360,99001254042785,696,2023-08-05 15:05:00
361,99001254042785,682,2024-05-07 15:05:00
362,99001261586455,699,2023-03-06 02:09:00
363,99001261586455,696,2023-03-10 02:09:00
364,99001261586455,713,2023-04-10 02:09:00
365,99001261586455,743,2023-04-11 02:09:00
366,99001261586455,736,2023-05-11 02:09:00
367,99001271391041,512,2021-09-24 17:25:00
368,99001271391041,516,2021-11-09 17:25:00
369,99001271391041,482,2022-02-16 17:25:00
370,99001271391041,519,2023-06-02 17:25:00
371,99001283945623,511,2025-01-17 17:25:00
372,99001283945623,512,2025-01-19 17:25:00
373,99001293782480,643,2022-03-10 00:36:00
374,99001293782480,622,2022-09-28 00:36:00
375,99001293782480,628,2022-10-17 00:36:00
376,99001293782480,614,2023-11-26 00:36:00
377,99001293782480,566,2024-10-14 00:36:00
378,99001309656545,613,2021-06-20 14:55:00
379,99001309656545,585,2023-03-28 14:55:00
380,99001309656545,608,2024-08-15 14:55:00
381,99001311395443,648,2022-08-02 05:12:00
382,99001311395443,636,2023-01-04 05:12:00
383,99001311395443,608,2023-02-07 05:12:00
384,99001311395443,619,2023-08-22 05:12:00
385,99001311395443,602,2024-05-29 05:12:00
386,99001346904664,524,2021-06-13 23:21:00
387,99001346904664,507,2023-09-01 23:21:00
388,99001346904664,498,2026-01-05 23:21:00
389,99001346904664,498,2026-05-25 23:21:00
390,99001355958178,575,2025-01-05 09:33:00
391,99001355958178,563,2025-01-31 09:33:00
392,99001355958178,573,2025-03-10 09:33:00
393,99001361445132,718,2022-10-01 16:07:00
394,99001361445132,700,2023-07-11 16:07:00
395,99001361445132,678,2023-08-30 16:07:00
396,99001374767904,742,2022-10-21 22:41:00
397,99001374767904,720,2023-05-07 22:41:00
398,99001374767904,708,2024-03-29 22:41:00
399,99001374767904,707,2024-05-27 22:41:00
400,99001374767904,665,2024-06-03 22:41:00
401,99001384468324,585,2022-09-29 21:06:00
402,99001384468324,607,2022-10-13 21:06:00
403,99001384468324,603,2022-10-31 21:06:00
404,99001396076855,489,2022-10-21 20:06:00
405,99001396076855,493,2023-07-05 20:06:00
406,99001396076855,504,2023-09-13 20:06:00
407,99001402910494,574,2023-04-20 08:08:00
408,99001402910494,585,2023-12-31 08:08:00
409,99001402910494,584,2024-02-10 08:08:00
410,99001419012374,536,2021-12-27 22:26:00
411,99001419012374,534,2022-03-26 22:26:00
412,99001419012374,566,2022-07-25 22:26:00
413,99001419012374,569,2023-01-06 22:26:00
414,99001421535380,710,2021-04-19 06:02:00
415,99001421535380,711,2021-06-30 06:02:00
416,99001421535380,707,2021-08-18 06:02:00
417,99001444804605,693,2026-04-24 01:51:00
418,99001444804605,718,2026-05-11 01:51:00
419,99001444804605,727,2026-07-09 01:51:00
420,99001453883574,738,2025-09-08 10:29:00
421,99001453883574,759,2026-01-07 10:29:00
422,99001463383264,663,2025-05-30 11:35:00
423,99001463383264,660,2025-06-06 11:35:00
424,99001463383264,657,2025-07-06 11:35:00
425,99001463383264,694,2025-08-01 11:35:00
426,99001486576122,504,2023-02-15 20:24:00
427,99001486576122,518,2023-06-20 20:24:00
428,99001486576122,508,2023-10-23 20:24:00
429,99001486576122,480,2023-11-10 20:24:00
430,99001498378278,494,2021-10-20 15:15:00
431,99001498378278,516,2021-11-15 15:15:00
432,99001498378278,508,2022-03-02 15:15:00
433,99001498378278,543,2022-03-06 15:15:00
434,99001504611384,740,2025-10-21 04:22:00
435,99001504611384,751,2025-12-23 04:22:00
436,99001504611384,776,2026-01-09 04:22:00
437,99001504611384,741,2026-02-21 04:22:00
438,99001518255717,463,2022-09-19 03:11:00
439,99001518255717,447,2023-01-05 03:11:00
440,99001523608035,575,2022-02-02 10:13:00
441,99001523608035,587,2022-02-10 10:13:00
442,99001523608035,570,2022-04-02 10:13:00
443,99001523608035,560,2022-04-13 10:13:00
444,99001548186731,674,2022-08-03 13:08:00
445,99001548186731,679,2025-02-05 13:08:00
446,99001548186731,668,2025-02-07 13:08:00
447,99001584111576,529,2024-09-19 03:18:00
448,99001584111576,529,2024-12-08 03:18:00
449,99001584111576,548,2025-06-22 03:18:00
450,99001584111576,568,2025-10-07 03:18:00
451,99001597508023,714,2022-05-22 04:07:00
452,99001597508023,677,2023-02-22 04:07:00
453,99001597508023,690,2023-11-12 04:07:00
454,99001607799855,637,2021-12-21 02:52:00
455,99001607799855,641,2022-01-25 02:52:00
456,99001607799855,632,2022-02-11 02:52:00
457,99001607799855,667,2022-02-27 02:52:00
458,99001616376550,716,2022-01-26 09:01:00
459,99001616376550,681,2025-01-14 09:01:00
460,99001624532362,450,2024-05-04 17:47:00
461,99001624532362,457,2024-09-09 17:47:00
462,99001624532362,420,2026-04-21 17:47:00
463,99001631346877,577,2023-12-14 06:54:00
464,99001631346877,579,2024-04-17 06:54:00
465,99001631346877,547,2024-07-03 06:54:00
466,99001647691138,509,2024-07-23 19:26:00
467,99001647691138,520,2025-01-05 19:26:00
468,99001647691138,531,2025-01-11 19:26:00
469,99001647691138,525,2025-02-09 19:26:00
470,99001651049257,745,2023-05-23 16:24:00
471,99001651049257,752,2024-05-18 16:24:00
472,99001651049257,761,2024-07-24 16:24:00
473,99001651049257,764,2025-07-15 16:24:00
474,99001677974170,760,2023-07-01 09:36:00
475,99001677974170,723,2023-07-02 09:36:00
476,99001677974170,719,2023-07-11 09:36:00
477,99001677974170,721,2023-07-29 09:36:00
478,99001677974170,704,2023-07-30 09:36:00
479,99001689672218,582,2021-05-25 18:10:00
480,99001689672218,564,2022-10-22 18:10:00
481,99001689672218,543,2023-08-20 18:10:00
482,99001705335871,599,2022-01-07 12:35:00
483,99001705335871,619,2022-01-14 12:35:00
484,99001705335871,577,2022-02-08 12:35:00
485,99001705335871,582,2022-02-15 12:35:00
486,99001714824814,532,2025-10-11 12:41:00
487,99001714824814,541,2025-10-20 12:41:00
488,99001714824814,548,2025-12-06 12:41:00
489,99001728152754,623,2024-08-19 05:43:00
490,99001728152754,605,2025-04-04 05:43:00
491,99001728152754,616,2025-09-12 05:43:00
492,99001728152754,596,2025-12-18 05:43:00
493,99001771871291,481,2023-09-21 13:00:00
494,99001771871291,487,2023-12-05 13:00:00
495,99001771871291,515,2024-06-21 13:00:00
496,99001771871291,514,2024-10-04 13:00:00
497,99001771871291,547,2024-11-11 13:00:00
498,99001796708109,479,2021-11-13 04:59:00
499,99001796708109,489,2023-02-22 04:59:00
500,99001796708109,466,2023-09-10 04:59:00
501,99001796708109,442,2024-05-13 04:59:00
502,99001817352172,462,2021-12-23 02:16:00
503,99001817352172,467,2022-05-30 02:16:00
504,99001817352172,448,2022-08-31 02:16:00
505,99001817352172,437,2022-11-02 02:16:00
506,99001817352172,454,2023-10-03 02:16:00
507,99001829422865,656,2020-10-27 05:22:00
508,99001829422865,678,2020-12-07 05:22:00
509,99001829422865,652,2021-03-05 05:22:00
510,99001838512368,694,2024-12-24 02:16:00
511,99001838512368,690,2025-03-14 02:16:00
512,99001838512368,724,2025-07-02 02:16:00
513,99001838512368,732,2025-08-07 02:16:00
514,99001846107032,454,2025-09-19 12:08:00
515,99001846107032,446,2025-10-16 12:08:00
516,99001846107032,446,2025-10-20 12:08:00
517,99001846107032,420,2025-11-19 12:08:00
518,99001859718769,447,2024-08-09 03:21:00
519,99001859718769,449,2025-04-23 03:21:00
520,99001872142590,511,2025-09-27 04:32:00
521,99001872142590,500,2025-10-18 04:32:00
522,99001872142590,510,2025-11-04 04:32:00
523,99001872142590,491,2025-12-01 04:32:00
524,99001888162096,705,2024-03-25 01:27:00
525,99001888162096,708,2025-12-24 01:27:00
526,99001899746233,511,2022-04-22 09:07:00
527,99001899746233,526,2022-05-07 09:07:00
528,99001899746233,523,2022-05-30 09:07:00
529,99001899746233,525,2022-08-01 09:07:00
530,99001904477072,728,2023-12-15 19:29:00
531,99001904477072,745,2024-08-02 19:29:00
532,99001926509988,693,2022-04-23 19:25:00
533,99001926509988,684,2022-06-13 19:25:00
534,99001926509988,707,2022-07-06 19:25:00
535,99001926509988,741,2022-08-17 19:25:00
536,99001926509988,740,2022-08-21 19:25:00
537,99001949794733,674,2024-10-24 05:43:00
538,99001949794733,665,2024-10-28 05:43:00
539,99001949794733,628,2024-11-19 05:43:00
540,99001949794733,650,2024-12-11 05:43:00
541,99001949794733,611,2024-12-16 05:43:00
542,99001951569956,684,2025-06-16 01:40:00
543,99001951569956,663,2025-08-29 01:40:00
544,99001965834969,600,2025-09-06 16:51:00
545,99001965834969,584,2025-09-10 16:51:00
546,99001976560099,543,2023-03-16 18:12:00
547,99001976560099,533,2024-02-12 18:12:00
548,99001976560099,530,2024-10-04 18:12:00
549,99001976560099,523,2025-12-25 18:12:00
550,99001981815211,532,2022-10-01 22:34:00
551,99001981815211,538,2022-11-21 22:34:00
552,99001981815211,550,2022-11-22 22:34:00
553,99001981815211,575,2022-11-26 22:34:00
554,99001994404788,510,2024-06-11 15:41:00
555,99001994404788,525,2024-06-13 15:41:00
556,99001994404788,547,2025-01-02 15:41:00
557,99001994404788,554,2025-01-13 15:41:00
558,99001994404788,590,2026-06-21 15:41:00
559,99002022691132,754,2022-04-08 06:16:00
560,99002022691132,751,2022-09-16 06:16:00
561,99002035573735,612,2023-04-08 07:56:00
562,99002035573735,621,2023-09-21 07:56:00
563,99002035573735,628,2025-01-09 07:56:00
564,99002035573735,648,2025-04-03 07:56:00
565,99002053051709,582,2021-07-10 16:32:00
566,99002053051709,583,2022-05-22 16:32:00
567,99002053051709,582,2023-11-22 16:32:00
568,99002053051709,629,2024-06-19 16:32:00
569,99002053051709,625,2025-06-03 16:32:00
570,99002065221045,706,2024-07-30 18:34:00
571,99002065221045,681,2025-05-12 18:34:00
572,99002078399921,724,2024-06-15 13:57:00
573,99002078399921,726,2025-01-16 13:57:00
574,99002086741430,441,2024-05-18 15:06:00
575,99002086741430,463,2024-06-08 15:06:00
576,99002086741430,457,2024-06-25 15:06:00
577,99002096962765,690,2022-10-13 13:13:00
578,99002096962765,704,2023-02-05 13:13:00
579,99002096962765,720,2023-02-22 13:13:00
580,99002096962765,742,2023-09-06 13:13:00
581,99002096962765,770,2024-09-14 13:13:00
582,99002106661869,540,2023-01-28 06:18:00
583,99002106661869,499,2023-12-15 06:18:00
584,99002106661869,499,2024-08-13 06:18:00
585,99002106661869,491,2024-12-26 06:18:00
586,99002106661869,474,2025-04-11 06:18:00
587,99002115791876,645,2023-04-20 13:41:00
588,99002115791876,618,2023-04-22 13:41:00
589,99002126641424,669,2020-09-03 01:27:00
590,99002126641424,642,2021-02-23 01:27:00
591,99002126641424,644,2021-04-10 01:27:00
592,99002126641424,634,2021-05-01 01:27:00
593,99002131996518,466,2022-11-29 11:08:00
594,99002131996518,439,2022-12-14 11:08:00
595,99002131996518,438,2023-01-21 11:08:00
596,99002131996518,422,2023-04-15 11:08:00
597,99002143621964,489,2021-07-02 04:36:00
598,99002143621964,492,2022-07-28 04:36:00
599,99002157373417,498,2023-07-13 20:09:00
600,99002157373417,505,2023-07-25 20:09:00
601,99002157373417,520,2023-08-02 20:09:00
602,99002188039899,542,2022-05-26 05:05:00
603,99002188039899,545,2023-06-22 05:05:00
604,99002205207360,715,2021-03-14 12:55:00
605,99002205207360,712,2021-04-03 12:55:00
606,99002205207360,723,2021-04-29 12:55:00
607,99002205207360,722,2021-05-02 12:55:00
608,99002205207360,757,2021-05-13 12:55:00
609,99002223726681,734,2022-04-11 08:29:00
610,99002223726681,714,2022-12-27 08:29:00
611,99002223726681,696,2024-03-10 08:29:00
612,99002239370029,467,2020-10-10 17:12:00
613,99002239370029,458,2020-11-22 17:12:00
614,99002239370029,440,2020-12-03 17:12:00
615,99002239370029,442,2021-01-16 17:12:00
616,99002239370029,433,2021-02-15 17:12:00
617,99002245243614,451,2024-03-08 05:22:00
618,99002245243614,447,2024-03-24 05:22:00
619,99002254229153,661,2021-03-29 06:41:00
620,99002254229153,658,2021-04-08 06:41:00
621,99002254229153,655,2021-06-27 06:41:00
622,99002254229153,618,2023-05-17 06:41:00
623,99002265218109,471,2022-11-04 06:08:00
624,99002265218109,457,2026-04-14 06:08:00
625,99002276782704,555,2024-08-31 18:54:00
626,99002276782704,538,2024-11-17 18:54:00
627,99002276782704,568,2024-12-19 18:54:00
628,99002281618221,547,2021-04-07 16:28:00
629,99002281618221,548,2022-09-16 16:28:00
630,99002293829131,703,2023-08-22 20:09:00
631,99002293829131,702,2023-09-30 20:09:00
632,99002293829131,730,2024-01-08 20:09:00
633,99002293829131,749,2024-04-20 20:09:00
634,99002293829131,784,2024-04-27 20:09:00
635,99002309449247,534,2026-03-16 23:11:00
636,99002309449247,549,2026-04-18 23:11:00
637,99002309449247,586,2026-05-11 23:11:00
638,99002309449247,607,2026-06-03 23:11:00
639,99002312528199,729,2022-08-18 15:21:00
640,99002312528199,715,2023-10-01 15:21:00
641,99002312528199,706,2024-03-30 15:21:00
642,99002312528199,732,2024-04-11 15:21:00
643,99002324625916,732,2023-11-21 12:22:00
644,99002324625916,744,2024-12-31 12:22:00
645,99002324625916,746,2026-02-24 12:22:00
646,99002332579160,665,2022-08-29 21:21:00
647,99002332579160,643,2023-04-30 21:21:00
648,99002332579160,633,2024-07-22 21:21:00
649,99002353485865,624,2025-06-08 18:15:00
650,99002353485865,605,2025-06-28 18:15:00
651,99002353485865,603,2025-09-06 18:15:00
652,99002353485865,591,2025-09-24 18:15:00
653,99002364892639,745,2023-08-06 13:24:00
654,99002364892639,756,2024-01-15 13:24:00
655,99002364892639,750,2024-07-19 13:24:00
656,99002364892639,789,2024-11-12 13:24:00
657,99002364892639,782,2026-04-18 13:24:00
658,99002374404861,590,2023-05-02 12:50:00
659,99002374404861,589,2023-08-27 12:50:00
660,99002374404861,595,2023-12-06 12:50:00
661,99002374404861,626,2024-10-09 12:50:00
662,99002386140505,725,2023-03-16 16:19:00
663,99002386140505,724,2023-03-29 16:19:00
664,99002386140505,697,2023-04-05 16:19:00
665,99002386140505,695,2023-05-01 16:19:00
666,99002395670231,655,2022-04-14 12:31:00
667,99002395670231,658,2022-12-25 12:31:00
668,99002395670231,660,2024-04-08 12:31:00
669,99002395670231,689,2025-05-22 12:31:00
670,99002407723681,701,2022-04-10 08:05:00
671,99002407723681,714,2022-05-06 08:05:00
672,99002407723681,725,2022-05-10 08:05:00
673,99002407723681,728,2022-09-21 08:05:00
674,99002414690438,668,2023-04-11 01:08:00
675,99002414690438,669,2023-05-12 01:08:00
676,99002414690438,644,2023-09-02 01:08:00
677,99002427213616,714,2023-03-01 18:07:00
678,99002427213616,745,2023-11-03 18:07:00
679,99002427213616,743,2026-04-27 18:07:00
680,99002427213616,763,2026-06-02 18:07:00
681,99002427213616,790,2026-06-25 18:07:00
682,99002441880091,576,2025-04-15 15:20:00
683,99002441880091,576,2026-01-08 15:20:00
684,99002488620038,502,2021-04-10 20:22:00
685,99002488620038,534,2021-05-19 20:22:00
686,99002488620038,545,2021-06-02 20:22:00
687,99002488620038,532,2021-06-06 20:22:00
688,99002488620038,542,2021-06-23 20:22:00
689,99002496753252,589,2025-11-15 03:10:00
690,99002496753252,587,2026-02-23 03:10:00
691,99002508658973,557,2024-01-24 15:06:00
692,99002508658973,571,2024-03-26 15:06:00
693,99002508658973,596,2024-05-16 15:06:00
694,99002508658973,616,2024-05-19 15:06:00
695,99002518806810,671,2023-07-26 10:35:00
696,99002518806810,667,2023-10-27 10:35:00
697,99002518806810,688,2023-11-16 10:35:00
698,99002518806810,688,2023-11-26 10:35:00
699,99002522154639,679,2023-09-06 17:12:00
700,99002522154639,693,2024-05-15 17:12:00
701,99002522154639,703,2025-05-15 17:12:00
702,99002522154639,720,2025-07-19 17:12:00
703,99002534971004,634,2021-04-23 12:23:00
704,99002534971004,615,2023-01-31 12:23:00
705,99002534971004,657,2025-03-16 12:23:00
706,99002553145046,575,2024-02-01 01:22:00
707,99002553145046,549,2026-01-21 01:22:00
708,99002577628708,528,2022-10-18 19:07:00
709,99002577628708,512,2025-02-12 19:07:00
710,99002599857666,740,2023-05-05 08:14:00
711,99002599857666,731,2024-01-25 08:14:00
712,99002599857666,764,2024-12-06 08:14:00
713,99002636457264,464,2024-03-28 18:47:00
714,99002636457264,446,2024-04-14 18:47:00
715,99002636457264,456,2025-11-03 18:47:00
716,99002642981420,600,2024-10-26 16:49:00
717,99002642981420,621,2024-12-06 16:49:00
718,99002651496889,478,2021-11-18 04:16:00
719,99002651496889,455,2022-05-29 04:16:00
720,99002651496889,431,2023-04-07 04:16:00
721,99002651496889,424,2023-06-17 04:16:00
722,99002651496889,425,2023-10-07 04:16:00
723,99002664567925,693,2023-09-14 19:11:00
724,99002664567925,680,2023-10-18 19:11:00
725,99002664567925,658,2023-10-31 19:11:00
726,99002664567925,640,2023-12-08 19:11:00
727,99002664567925,647,2024-02-05 19:11:00
728,99002685781634,540,2023-09-11 17:09:00
729,99002685781634,545,2023-09-15 17:09:00
730,99002685781634,546,2024-01-02 17:09:00
731,99002705784515,540,2023-04-04 09:38:00
732,99002705784515,546,2023-06-28 09:38:00
733,99002739297076,712,2022-03-02 02:20:00
734,99002739297076,705,2022-04-29 02:20:00
735,99002739297076,687,2022-05-08 02:20:00
736,99002739297076,667,2022-08-24 02:20:00
737,99002739297076,669,2022-09-10 02:20:00
738,99002742686592,620,2021-09-14 05:21:00
739,99002742686592,613,2022-04-04 05:21:00
740,99002751270954,644,2020-12-02 14:38:00
741,99002751270954,657,2021-02-11 14:38:00
742,99002761335262,710,2022-02-20 19:34:00
743,99002761335262,703,2022-03-23 19:34:00
744,99002761335262,682,2022-06-10 19:34:00
745,99002779449180,555,2023-10-11 16:49:00
746,99002779449180,544,2024-09-12 16:49:00
747,99002808707685,588,2022-05-04 03:09:00
748,99002808707685,557,2022-05-10 03:09:00
749,99002808707685,568,2022-08-01 03:09:00
750,99002808707685,546,2022-10-16 03:09:00
751,99002808707685,553,2022-10-17 03:09:00
752,99002812949601,622,2023-04-19 11:55:00
753,99002812949601,636,2023-06-05 11:55:00
754,99002812949601,614,2024-05-20 11:55:00
755,99002812949601,613,2025-04-11 11:55:00
756,99002826119503,519,2023-01-25 18:26:00
757,99002826119503,537,2023-03-01 18:26:00
758,99002826119503,542,2023-03-13 18:26:00
759,99002826119503,559,2023-03-20 18:26:00
760,99002836493017,551,2023-05-03 10:18:00
761,99002836493017,541,2024-02-02 10:18:00
762,99002836493017,520,2025-08-23 10:18:00
763,99002846036080,633,2022-05-13 15:01:00
764,99002846036080,617,2023-02-02 15:01:00
765,99002854916616,701,2025-11-06 02:06:00
766,99002854916616,710,2025-11-17 02:06:00
767,99002854916616,691,2025-11-24 02:06:00
768,99002854916616,693,2025-12-05 02:06:00
769,99002867938666,505,2023-05-08 04:11:00
770,99002867938666,501,2023-05-13 04:11:00
771,99002867938666,470,2024-03-07 04:11:00
772,99002867938666,475,2024-11-29 04:11:00
773,99002889368072,677,2024-09-24 07:42:00
774,99002889368072,695,2024-11-02 07:42:00
775,99002889368072,713,2024-11-18 07:42:00
776,99002892080041,584,2021-11-14 11:11:00
777,99002892080041,589,2022-03-11 11:11:00
778,99002892080041,583,2022-07-23 11:11:00
779,99002892080041,629,2022-10-13 11:11:00
780,99002892080041,626,2023-07-26 11:11:00
781,99002912627959,724,2020-09-17 20:26:00
782,99002912627959,705,2021-08-19 20:26:00
783,99002912627959,695,2026-05-30 20:26:00
784,99002924887510,738,2025-07-19 07:35:00
785,99002924887510,706,2025-09-04 07:35:00
786,99002924887510,714,2025-09-25 07:35:00
787,99002924887510,684,2025-09-28 07:35:00
788,99002936129845,477,2023-03-16 03:12:00
789,99002936129845,472,2023-06-25 03:12:00
790,99002936129845,478,2023-10-02 03:12:00
791,99002936129845,487,2023-10-26 03:12:00
792,99002936129845,538,2023-11-29 03:12:00
793,99002946639752,620,2022-07-12 00:03:00
794,99002946639752,644,2023-08-19 00:03:00
795,99002946639752,635,2024-01-03 00:03:00
796,99002946639752,697,2025-08-13 00:03:00
797,99002946639752,676,2025-10-03 00:03:00
798,99002967804837,637,2021-04-27 05:45:00
799,99002967804837,612,2021-05-29 05:45:00
800,99002967804837,621,2021-06-18 05:45:00
801,99002967804837,612,2021-07-03 05:45:00
802,99002967804837,595,2021-07-16 05:45:00
803,99002973582031,449,2022-10-07 04:21:00
804,99002973582031,481,2025-06-22 04:21:00
805,99002998739734,631,2023-08-05 02:15:00
806,99002998739734,633,2024-12-06 02:15:00
807,99003008495532,697,2025-08-27 08:34:00
808,99003008495532,716,2026-01-20 08:34:00
809,99003008495532,720,2026-01-21 08:34:00
810,99003019865419,706,2024-09-17 02:59:00
811,99003019865419,712,2025-02-24 02:59:00
812,99003019865419,696,2025-04-09 02:59:00
813,99003019865419,672,2025-06-25 02:59:00
814,99003023887650,742,2022-08-20 10:56:00
815,99003023887650,723,2022-09-16 10:56:00
816,99003023887650,709,2022-09-24 10:56:00
817,99003023887650,715,2022-10-05 10:56:00
818,99003023887650,682,2022-10-29 10:56:00
819,99003036730031,535,2025-12-06 18:38:00
820,99003036730031,531,2026-01-22 18:38:00
821,99003036730031,512,2026-02-21 18:38:00
822,99003036730031,476,2026-04-04 18:38:00
823,99003045747894,560,2022-08-07 03:55:00
824,99003045747894,562,2024-07-21 03:55:00
825,99003045747894,579,2024-08-09 03:55:00
826,99003045747894,578,2025-01-14 03:55:00
827,99003051506969,740,2021-04-28 04:07:00
828,99003051506969,746,2021-10-29 04:07:00
829,99003051506969,752,2023-02-27 04:07:00
830,99003051506969,777,2023-05-18 04:07:00
831,99003069784819,555,2021-02-18 20:56:00
832,99003069784819,553,2021-03-16 20:56:00
833,99003069784819,595,2021-03-17 20:56:00
834,99003069784819,608,2021-03-26 20:56:00
835,99003069784819,573,2021-04-03 20:56:00
836,99003077185168,468,2024-10-09 18:51:00
837,99003077185168,480,2024-12-27 18:51:00
838,99003077185168,507,2025-01-21 18:51:00
839,99003077185168,519,2025-02-11 18:51:00
840,99003081200099,507,2022-09-20 21:09:00
841,99003081200099,507,2024-04-19 21:09:00
842,99003097073841,558,2023-05-17 07:55:00
843,99003097073841,590,2023-07-22 07:55:00
844,99003097073841,586,2023-08-29 07:55:00
845,99003102135542,568,2023-12-24 15:48:00
846,99003102135542,549,2024-01-03 15:48:00
847,99003102135542,581,2024-02-02 15:48:00
848,99003117135260,489,2020-10-16 13:44:00
849,99003117135260,485,2020-12-11 13:44:00
850,99003117135260,509,2021-01-13 13:44:00
851,99003117135260,505,2021-02-11 13:44:00
852,99003117135260,522,2021-02-28 13:44:00
853,99003122768267,561,2021-08-20 06:32:00
854,99003122768267,550,2021-09-19 06:32:00
855,99003135295095,477,2024-07-28 08:27:00
856,99003135295095,515,2024-08-22 08:27:00
857,99003135295095,531,2024-08-24 08:27:00
858,99003135295095,539,2024-09-03 08:27:00
859,99003135295095,560,2024-09-05 08:27:00
860,99003153228967,679,2023-01-05 03:59:00
861,99003153228967,695,2023-05-20 03:59:00
862,99003153228967,694,2024-02-01 03:59:00
863,99003153228967,720,2024-03-11 03:59:00
864,99003161412600,696,2024-04-18 04:20:00
865,99003161412600,658,2024-05-18 04:20:00
866,99003161412600,660,2024-06-26 04:20:00
867,99003172604348,617,2022-10-29 21:56:00
868,99003172604348,580,2022-12-13 21:56:00
869,99003172604348,592,2023-03-24 21:56:00
870,99003172604348,583,2024-08-26 21:56:00
871,99003181748817,458,2022-01-04 02:54:00
872,99003181748817,460,2022-03-11 02:54:00
873,99003181748817,442,2022-04-26 02:54:00
874,99003181748817,428,2023-04-16 02:54:00
875,99003205583437,744,2022-08-23 18:13:00
876,99003205583437,761,2022-09-30 18:13:00
877,99003205583437,758,2023-08-07 18:13:00
878,99003213093611,592,2025-03-15 14:28:00
879,99003213093611,574,2025-04-23 14:28:00
880,99003213093611,530,2025-05-22 14:28:00
881,99003221543840,512,2023-01-06 00:13:00
882,99003221543840,514,2023-06-14 00:13:00
883,99003221543840,509,2023-07-27 00:13:00
884,99003221543840,495,2023-11-25 00:13:00
885,99003235515902,689,2021-12-28 09:43:00
886,99003235515902,696,2022-01-29 09:43:00
887,99003235515902,666,2022-03-04 09:43:00
888,99003235515902,655,2022-05-06 09:43:00
889,99003235515902,631,2022-05-10 09:43:00
890,99003242650733,630,2023-03-18 15:13:00
891,99003242650733,587,2024-03-15 15:13:00
892,99003242650733,578,2024-12-01 15:13:00
893,99003259350887,685,2023-09-22 00:11:00
894,99003259350887,688,2023-10-16 00:11:00
895,99003264392990,559,2022-10-01 19:39:00
896,99003264392990,550,2023-10-24 19:39:00
897,99003264392990,557,2024-10-22 19:39:00
898,99003264392990,525,2025-08-29 19:39:00
899,99003283175296,657,2024-01-14 07:28:00
900,99003283175296,649,2024-02-06 07:28:00
901,99003283175296,673,2024-02-15 07:28:00
902,99003283175296,696,2024-02-19 07:28:00
903,99003308718854,641,2024-04-30 05:15:00
904,99003308718854,641,2026-04-08 05:15:00
905,99003323857409,695,2021-09-23 22:29:00
906,99003323857409,686,2021-10-13 22:29:00
907,99003323857409,656,2022-01-08 22:29:00
908,99003323857409,636,2022-07-18 22:29:00
909,99003323857409,633,2024-08-28 22:29:00
910,99003332707165,696,2022-12-08 00:20:00
911,99003332707165,717,2023-05-29 00:20:00
912,99003343436883,610,2025-08-06 05:12:00
913,99003343436883,593,2025-08-09 05:12:00
914,99003343436883,599,2025-11-19 05:12:00
915,99003343436883,591,2025-12-02 05:12:00
916,99003343436883,576,2026-05-24 05:12:00
917,99003355092526,483,2022-05-08 21:21:00
918,99003355092526,492,2024-08-14 21:21:00
919,99003355092526,541,2024-12-07 21:21:00
920,99003373958307,691,2024-10-10 05:58:00
921,99003373958307,709,2024-10-27 05:58:00
922,99003373958307,730,2024-12-12 05:58:00
923,99003398621975,510,2025-07-13 19:03:00
924,99003398621975,513,2025-08-02 19:03:00
925,99003407808512,673,2025-06-21 13:15:00
926,99003407808512,687,2025-08-07 13:15:00
927,99003407808512,685,2025-08-21 13:15:00
928,99003407808512,710,2025-09-26 13:15:00
929,99003418505873,651,2024-11-23 02:33:00
930,99003418505873,647,2025-11-18 02:33:00
931,99003439847933,624,2022-01-04 02:59:00
932,99003439847933,644,2022-08-23 02:59:00
933,99003439847933,628,2023-09-06 02:59:00
934,99003439847933,593,2023-10-31 02:59:00
935,99003439847933,582,2024-05-20 02:59:00
936,99003445825520,491,2024-10-03 23:36:00
937,99003445825520,505,2024-10-14 23:36:00
938,99003445825520,521,2024-10-29 23:36:00
939,99003451700536,500,2023-01-13 13:29:00
940,99003451700536,488,2024-01-31 13:29:00
941,99003451700536,478,2024-05-26 13:29:00
942,99003462361736,488,2024-02-22 05:58:00
943,99003462361736,480,2024-03-04 05:58:00
944,99003462361736,482,2024-03-20 05:58:00
945,99003462361736,483,2024-03-21 05:58:00
946,99003462361736,444,2024-04-17 05:58:00
947,99003477533942,530,2021-09-03 20:55:00
948,99003477533942,545,2021-11-28 20:55:00
949,99003485930079,509,2021-03-30 00:34:00
950,99003485930079,489,2021-09-30 00:34:00
951,99003485930079,468,2021-11-29 00:34:00
952,99003485930079,450,2022-06-07 00:34:00
953,99003485930079,446,2023-01-06 00:34:00
954,99003502160092,632,2023-02-01 20:35:00
955,99003502160092,632,2023-09-08 20:35:00
956,99003519206835,691,2023-10-27 13:49:00
957,99003519206835,710,2024-07-29 13:49:00
958,99003519206835,725,2025-11-24 13:49:00
959,99003519206835,718,2025-12-19 13:49:00
960,99003524628906,481,2025-06-05 06:30:00
961,99003524628906,465,2025-06-16 06:30:00
962,99003524628906,466,2025-06-26 06:30:00
963,99003535562604,506,2023-01-22 07:42:00
964,99003535562604,504,2025-09-04 07:42:00
965,99003551501344,537,2023-06-12 15:28:00
966,99003551501344,521,2023-08-05 15:28:00
967,99003551501344,515,2023-10-30 15:28:00
968,99003551501344,517,2024-01-02 15:28:00
969,99003551501344,465,2025-03-24 15:28:00
970,99003586458788,575,2022-06-21 03:29:00
971,99003586458788,604,2023-03-11 03:29:00
972,99003602601212,725,2020-12-31 00:18:00
973,99003602601212,718,2021-02-19 00:18:00
974,99003602601212,705,2021-03-14 00:18:00
975,99003602601212,688,2021-03-21 00:18:00
976,99003602601212,656,2021-05-08 00:18:00
977,99003623465155,465,2023-08-26 03:51:00
978,99003623465155,439,2023-11-25 03:51:00
979,99003634407587,576,2023-01-17 00:59:00
980,99003634407587,581,2023-03-31 00:59:00
981,99003634407587,546,2023-08-05 00:59:00
982,99003634407587,553,2024-06-25 00:59:00
983,99003634407587,552,2025-04-28 00:59:00
984,99003641807581,509,2024-08-23 05:07:00
985,99003641807581,539,2024-09-24 05:07:00
986,99003659917286,573,2024-02-27 03:17:00
987,99003659917286,575,2024-07-12 03:17:00
988,99003659917286,593,2024-07-13 03:17:00
989,99003663831233,564,2022-07-16 21:49:00
990,99003663831233,589,2024-04-07 21:49:00
991,99003663831233,622,2024-05-21 21:49:00
992,99003663831233,600,2025-01-01 21:49:00
993,99003679059540,570,2021-08-08 03:33:00
994,99003679059540,561,2023-06-27 03:33:00
995,99003679059540,521,2025-01-22 03:33:00
996,99003683776136,634,2023-06-15 23:33:00
997,99003683776136,661,2023-12-17 23:33:00
998,99003683776136,671,2023-12-31 23:33:00
999,99003717767665,669,2022-02-26 13:15:00
1000,99003717767665,658,2022-05-10 13:15:00
1001,99003717767665,637,2022-06-18 13:15:00
1002,99003747663516,642,2024-07-28 16:32:00
1003,99003747663516,667,2025-09-20 16:32:00
1004,99003751447317,627,2026-01-29 20:08:00
1005,99003751447317,629,2026-02-14 20:08:00
1006,99003751447317,628,2026-02-22 20:08:00
1007,99003751447317,640,2026-02-26 20:08:00
1008,99003775471387,472,2024-05-14 04:29:00
1009,99003775471387,479,2024-05-20 04:29:00
1010,99003775471387,479,2024-05-21 04:29:00
1011,99003775471387,452,2024-05-28 04:29:00
1012,99003775471387,416,2024-05-31 04:29:00
1013,99003803342070,739,2021-03-29 15:11:00
1014,99003803342070,717,2021-03-31 15:11:00
1015,99003803342070,733,2021-04-11 15:11:00
1016,99003815579526,488,2023-02-21 02:19:00
1017,99003815579526,493,2023-05-04 02:19:00
1018,99003815579526,497,2024-10-08 02:19:00
1019,99003815579526,505,2025-01-17 02:19:00
1020,99003815579526,527,2026-03-06 02:19:00
1021,99003824598549,549,2026-04-12 05:11:00
1022,99003824598549,551,2026-04-27 05:11:00
1023,99003832085481,668,2024-01-02 22:52:00
1024,99003832085481,640,2024-03-18 22:52:00
1025,99003847415923,528,2022-02-24 18:10:00
1026,99003847415923,501,2025-06-15 18:10:00
1027,99003855341383,707,2021-11-11 02:23:00
1028,99003855341383,680,2022-02-14 02:23:00
1029,99003877636865,491,2025-06-08 08:28:00
1030,99003877636865,475,2025-06-13 08:28:00
1031,99003885298707,592,2024-06-18 01:30:00
1032,99003885298707,583,2024-09-27 01:30:00
1033,99003885298707,564,2025-06-24 01:30:00
1034,99003885298707,543,2025-12-12 01:30:00
1035,99003907736629,457,2024-08-04 13:07:00
1036,99003907736629,452,2024-08-18 13:07:00
1037,99003907736629,433,2024-10-11 13:07:00
1038,99003914315097,615,2023-01-06 09:25:00
1039,99003914315097,617,2023-02-17 09:25:00
1040,99003914315097,628,2023-03-02 09:25:00
1041,99003914315097,636,2023-08-12 09:25:00
1042,99003949977802,571,2022-11-13 20:35:00
1043,99003949977802,544,2024-07-10 20:35:00
1044,99003953694383,506,2021-01-19 11:07:00
1045,99003953694383,494,2021-03-06 11:07:00
1046,99003953694383,478,2021-03-12 11:07:00
1047,99003953694383,494,2021-03-26 11:07:00
1048,99003967398692,570,2022-02-23 19:56:00
1049,99003967398692,589,2022-06-26 19:56:00
1050,99003967398692,595,2022-11-16 19:56:00
1051,99003967398692,600,2022-12-04 19:56:00
1052,99003967398692,645,2022-12-24 19:56:00
1053,99003971835068,483,2022-03-06 01:12:00
1054,99003971835068,476,2022-03-12 01:12:00
1055,99003971835068,458,2022-03-15 01:12:00
1056,99003971835068,461,2022-03-29 01:12:00
1057,99003996511953,715,2022-07-03 19:20:00
1058,99003996511953,693,2022-07-04 19:20:00
1059,99003996511953,674,2022-07-09 19:20:00
1060,99003996511953,647,2022-10-11 19:20:00
1061,99004001327871,452,2021-07-25 10:27:00
1062,99004001327871,456,2021-08-24 10:27:00
1063,99004015395308,446,2023-09-01 12:22:00
1064,99004015395308,453,2023-10-30 12:22:00
1065,99004015395308,482,2023-11-10 12:22:00
1066,99004015395308,507,2023-11-29 12:22:00
1067,99004031749407,735,2021-06-21 04:27:00
1068,99004031749407,739,2021-10-21 04:27:00
1069,99004031749407,724,2022-04-06 04:27:00
1070,99004031749407,740,2022-12-24 04:27:00
1071,99004046280763,757,2024-07-12 22:27:00
1072,99004046280763,733,2024-08-04 22:27:00
1073,99004046280763,705,2024-10-25 22:27:00
1074,99004051655384,488,2023-07-13 14:00:00
1075,99004051655384,514,2024-05-27 14:00:00
1076,99004051655384,511,2024-06-13 14:00:00
1077,99004078851071,560,2021-01-15 01:17:00
1078,99004078851071,552,2022-05-15 01:17:00
1079,99004094529545,713,2022-10-16 10:41:00
1080,99004094529545,738,2022-11-01 10:41:00
1081,99004094529545,724,2023-04-10 10:41:00
1082,99004094529545,738,2023-04-25 10:41:00
1083,99004094529545,791,2023-07-29 10:41:00
1084,99004103472327,518,2022-01-12 15:12:00
1085,99004103472327,496,2023-09-16 15:12:00
1086,99004103472327,482,2024-06-16 15:12:00
1087,99004123636902,695,2021-01-14 03:28:00
1088,99004123636902,658,2021-09-11 03:28:00
1089,99004123636902,664,2023-01-21 03:28:00
1090,99004136162765,535,2024-05-05 03:15:00
1091,99004136162765,550,2024-08-24 03:15:00
1092,99004148440860,639,2024-05-01 09:10:00
1093,99004148440860,617,2024-05-04 09:10:00
1094,99004148440860,619,2024-05-20 09:10:00
1095,99004148440860,620,2024-06-22 09:10:00
1096,99004158492141,482,2022-01-02 06:11:00
1097,99004158492141,486,2022-03-12 06:11:00
1098,99004158492141,470,2022-05-02 06:11:00
1099,99004158492141,451,2022-05-05 06:11:00
1100,99004167277467,755,2022-10-01 16:06:00
1101,99004167277467,755,2023-05-10 16:06:00
1102,99004167277467,786,2023-06-01 16:06:00
1103,99004167277467,755,2023-07-14 16:06:00
1104,99004167277467,790,2024-05-12 16:06:00
1105,99004171013919,550,2025-03-17 08:58:00
1106,99004171013919,561,2025-03-27 08:58:00
1107,99004181213808,448,2021-09-07 00:07:00
1108,99004181213808,478,2021-10-25 00:07:00
1109,99004181213808,492,2021-11-02 00:07:00
1110,99004181213808,479,2021-11-15 00:07:00
1111,99004181213808,470,2021-11-17 00:07:00
1112,99004195934459,718,2022-06-06 08:12:00
1113,99004195934459,709,2022-07-15 08:12:00
1114,99004195934459,704,2023-02-24 08:12:00
1115,99004195934459,680,2023-04-13 08:12:00
1116,99004211465747,551,2025-07-06 12:37:00
1117,99004211465747,546,2025-07-16 12:37:00
1118,99004211465747,537,2025-08-10 12:37:00
1119,99004227166930,652,2024-07-19 09:40:00
1120,99004227166930,640,2024-09-24 09:40:00
1121,99004227166930,594,2024-10-05 09:40:00
1122,99004235692988,472,2023-09-05 17:49:00
1123,99004235692988,466,2023-09-22 17:49:00
1124,99004243257675,749,2023-04-13 06:54:00
1125,99004243257675,735,2023-11-07 06:54:00
1126,99004243257675,716,2024-05-13 06:54:00
1127,99004243257675,700,2025-03-14 06:54:00
1128,99004256419073,596,2024-02-06 06:53:00
1129,99004256419073,579,2024-02-14 06:53:00
1130,99004256419073,571,2024-07-06 06:53:00
1131,99004256419073,548,2025-01-20 06:53:00
1132,99004256419073,545,2025-06-23 06:53:00
1133,99004263137820,465,2023-09-29 17:21:00
1134,99004263137820,470,2024-01-31 17:21:00
1135,99004263137820,438,2024-05-04 17:21:00
1136,99004263137820,451,2025-03-07 17:21:00
1137,99004263137820,434,2026-03-04 17:21:00
1138,99004277860261,569,2023-02-20 23:40:00
1139,99004277860261,562,2023-03-14 23:40:00
1140,99004281646759,587,2023-02-09 10:25:00
1141,99004281646759,595,2023-05-08 10:25:00
1142,99004281646759,606,2023-06-13 10:25:00
1143,99004291098412,639,2021-09-08 10:43:00
1144,99004291098412,646,2021-11-10 10:43:00
1145,99004291098412,665,2022-05-21 10:43:00
1146,99004291098412,663,2023-08-15 10:43:00
1147,99004291098412,663,2025-04-23 10:43:00
1148,99004302705421,537,2022-06-27 11:01:00
1149,99004302705421,542,2022-09-09 11:01:00
1150,99004302705421,562,2023-03-16 11:01:00
1151,99004302705421,594,2023-05-01 11:01:00
1152,99004318130436,438,2020-11-18 02:24:00
1153,99004318130436,445,2020-11-22 02:24:00
1154,99004318130436,433,2020-12-15 02:24:00
1155,99004318130436,434,2020-12-22 02:24:00
1156,99004318130436,405,2021-02-18 02:24:00
1157,99004323225403,473,2021-07-04 03:15:00
1158,99004323225403,477,2022-10-31 03:15:00
1159,99004323225403,481,2022-11-25 03:15:00
1160,99004323225403,481,2024-11-26 03:15:00
1161,99004351606368,651,2022-06-11 07:54:00
1162,99004351606368,643,2022-09-07 07:54:00
1163,99004351606368,618,2023-04-09 07:54:00
1164,99004351606368,608,2024-08-28 07:54:00
1165,99004371617587,496,2021-09-01 05:19:00
1166,99004371617587,497,2022-09-24 05:19:00
1167,99004371617587,490,2024-09-15 05:19:00
1168,99004371617587,439,2024-10-08 05:19:00
1169,99004397275462,608,2022-10-20 01:15:00
1170,99004397275462,599,2023-04-03 01:15:00
1171,99004397275462,567,2023-09-29 01:15:00
1172,99004397275462,584,2025-08-07 01:15:00
1173,99004404934151,670,2024-01-04 08:47:00
1174,99004404934151,658,2024-05-09 08:47:00
1175,99004404934151,679,2025-01-24 08:47:00
1176,99004421441666,497,2023-02-21 20:49:00
1177,99004421441666,494,2023-09-14 20:49:00
1178,99004421441666,482,2024-12-27 20:49:00
1179,99004421441666,479,2026-01-14 20:49:00
1180,99004453458408,718,2026-04-29 19:48:00
1181,99004453458408,748,2026-05-20 19:48:00
1182,99004453458408,761,2026-06-01 19:48:00
1183,99004453458408,738,2026-06-28 19:48:00
1184,99004453458408,778,2026-08-07 19:48:00
1185,99004478446966,721,2022-10-07 08:42:00
1186,99004478446966,744,2023-07-05 08:42:00
1187,99004478446966,738,2023-08-21 08:42:00
1188,99004478446966,778,2024-03-11 08:42:00
1189,99004504360451,748,2022-01-30 16:17:00
1190,99004504360451,731,2022-08-16 16:17:00
1191,99004504360451,726,2023-02-16 16:17:00
1192,99004504360451,712,2023-08-16 16:17:00
1193,99004511951751,652,2023-09-13 13:52:00
1194,99004511951751,651,2024-09-09 13:52:00
1195,99004511951751,679,2025-04-15 13:52:00
1196,99004511951751,682,2025-12-24 13:52:00
1197,99004527952551,688,2022-04-18 06:22:00
1198,99004527952551,699,2022-04-22 06:22:00
1199,99004527952551,693,2022-04-24 06:22:00
1200,99004527952551,691,2022-05-10 06:22:00
1201,99004527952551,712,2022-05-14 06:22:00
1202,99004539631863,689,2024-05-04 05:15:00
1203,99004539631863,703,2024-05-30 05:15:00
1204,99004539631863,732,2024-06-06 05:15:00
1205,99004539631863,736,2024-06-16 05:15:00
1206,99004539631863,755,2024-07-10 05:15:00
1207,99004548952995,730,2023-07-23 15:06:00
1208,99004548952995,704,2023-08-07 15:06:00
1209,99004558375055,671,2024-02-26 04:29:00
1210,99004558375055,674,2024-05-16 04:29:00
1211,99004558375055,687,2024-07-24 04:29:00
1212,99004558375055,682,2025-01-02 04:29:00
1213,99004558375055,703,2025-07-01 04:29:00
1214,99004585163400,677,2024-08-30 20:28:00
1215,99004585163400,649,2025-03-03 20:28:00
1216,99004585163400,650,2025-06-08 20:28:00
1217,99004585163400,640,2026-04-19 20:28:00
1218,99004605937525,625,2026-04-01 09:48:00
1219,99004605937525,599,2026-05-12 09:48:00
1220,99004605937525,622,2026-06-12 09:48:00
1221,99004605937525,609,2026-06-24 09:48:00
1222,99004614312839,733,2022-12-09 04:16:00
1223,99004614312839,715,2023-07-25 04:16:00
1224,99004614312839,716,2025-11-14 04:16:00
1225,99004614312839,725,2025-12-20 04:16:00
1226,99004649622832,584,2021-08-07 15:13:00
1227,99004649622832,578,2021-09-03 15:13:00
1228,99004649622832,546,2021-09-04 15:13:00
1229,99004649622832,521,2021-09-08 15:13:00
1230,99004649622832,520,2021-11-03 15:13:00
1231,99004664057453,696,2022-05-08 05:23:00
1232,99004664057453,711,2022-06-24 05:23:00
1233,99004664057453,716,2023-10-21 05:23:00
1234,99004664057453,739,2024-01-08 05:23:00
1235,99004664057453,718,2025-01-15 05:23:00
1236,99004679729385,502,2023-03-20 13:54:00
1237,99004679729385,497,2023-05-18 13:54:00
1238,99004679729385,513,2024-04-28 13:54:00
1239,99004679729385,526,2024-07-21 13:54:00
1240,99004685889782,471,2022-08-18 20:13:00
1241,99004685889782,471,2024-08-08 20:13:00
1242,99004685889782,453,2025-08-29 20:13:00
1243,99004685889782,450,2025-11-03 20:13:00
1244,99004693566989,555,2024-03-10 23:54:00
1245,99004693566989,573,2024-04-19 23:54:00
1246,99004693566989,596,2024-06-17 23:54:00
1247,99004736927704,556,2025-09-25 21:44:00
1248,99004736927704,583,2025-11-13 21:44:00
1249,99004736927704,585,2025-11-15 21:44:00
1250,99004736927704,595,2025-11-23 21:44:00
1251,99004759335638,494,2021-12-10 19:03:00
1252,99004759335638,490,2022-01-09 19:03:00
1253,99004759335638,475,2022-02-19 19:03:00
1254,99004759335638,495,2022-03-03 19:03:00
1255,99004759335638,450,2022-03-09 19:03:00
1256,99004762751653,543,2024-02-24 15:20:00
1257,99004762751653,537,2024-03-12 15:20:00
1258,99004762751653,519,2024-03-23 15:20:00
1259,99004762751653,506,2024-06-16 15:20:00
1260,99004762751653,499,2024-06-25 15:20:00
1261,99004772493936,460,2024-08-14 17:10:00
1262,99004772493936,432,2024-10-22 17:10:00
1263,99004789038171,579,2022-01-10 13:53:00
1264,99004789038171,607,2023-06-12 13:53:00
1265,99004789038171,597,2024-05-10 13:53:00
1266,99004789038171,624,2025-03-18 13:53:00
1267,99004789038171,635,2026-01-31 13:53:00
1268,99004795464225,608,2024-06-14 22:10:00
1269,99004795464225,596,2024-07-15 22:10:00
1270,99004795464225,567,2024-08-04 22:10:00
1271,99004795464225,556,2024-08-12 22:10:00
1272,99004804926616,626,2023-02-26 14:06:00
1273,99004804926616,603,2023-03-16 14:06:00
1274,99004804926616,588,2023-06-08 14:06:00
1275,99004815415309,643,2025-02-03 17:11:00
1276,99004815415309,629,2025-02-06 17:11:00
1277,99004815415309,626,2025-02-16 17:11:00
1278,99004815415309,633,2025-04-20 17:11:00
1279,99004815415309,592,2025-06-08 17:11:00
1280,99004843697803,656,2023-02-04 05:07:00
1281,99004843697803,664,2023-02-10 05:07:00
1282,99004843697803,670,2025-03-17 05:07:00
1283,99004869105579,563,2022-08-11 14:21:00
1284,99004869105579,568,2022-09-03 14:21:00
1285,99004869105579,599,2023-01-15 14:21:00
1286,99004869105579,611,2023-02-17 14:21:00
1287,99004869105579,635,2023-06-21 14:21:00
1288,99004871537748,664,2024-06-28 19:54:00
1289,99004871537748,686,2025-04-10 19:54:00
1290,99004871537748,676,2025-07-25 19:54:00
1291,99004888499737,510,2021-05-03 17:52:00
1292,99004888499737,502,2021-05-06 17:52:00
1293,99004913619452,536,2022-04-03 01:43:00
1294,99004913619452,526,2022-09-27 01:43:00
1295,99004913619452,513,2023-06-10 01:43:00
1296,99004938325240,614,2024-04-22 05:14:00
1297,99004938325240,584,2024-08-21 05:14:00
1298,99004944549832,498,2021-04-27 06:20:00
1299,99004944549832,507,2021-05-04 06:20:00
1300,99004944549832,524,2021-05-24 06:20:00
1301,99004944549832,541,2021-06-09 06:20:00
1302,99004958566264,634,2025-01-10 20:28:00
1303,99004958566264,652,2026-03-17 20:28:00
1304,99004958566264,669,2026-06-24 20:28:00
1305,99004965424492,505,2023-07-05 04:46:00
1306,99004965424492,525,2023-10-29 04:46:00
1307,99004965424492,535,2024-02-04 04:46:00
1308,99004984587802,590,2021-11-30 23:44:00
1309,99004984587802,620,2022-03-25 23:44:00
1310,99004984587802,607,2022-04-11 23:44:00
1311,99004984587802,635,2022-05-17 23:44:00
1312,99004995249299,603,2025-04-15 01:21:00
1313,99004995249299,590,2025-05-27 01:21:00
1314,99004995249299,597,2025-06-09 01:21:00
1315,99005008205193,626,2023-07-13 14:29:00
1316,99005008205193,588,2023-07-14 14:29:00
1317,99005008205193,585,2023-07-23 14:29:00
1318,99005008205193,601,2023-08-12 14:29:00
1319,99005008205193,605,2023-08-29 14:29:00
