contract_id,proposal_id,contract_date,contracted_amount,interest_rate,interest_period,fees_amount,installment_count,start_date,end_date
1,1,2026-01-14,53000.0,2.64,MENSAL,453.7,6,2026-01-21,2026-07-20
2,3,2024-05-13,34000.0,23.99,ANUAL,659.04,6,2024-05-20,2024-11-16
3,5,2026-03-04,107000.0,1.24,MENSAL,1010.87,12,2026-03-11,2027-03-06
4,6,2025-09-16,80000.0,3.26,MENSAL,1105.54,24,2025-09-21,2027-09-11
5,7,2026-01-27,106000.0,2.86,MENSAL,2382.98,18,2026-01-29,2027-07-23
6,8,2024-02-14,40000.0,1.62,MENSAL,389.65,24,2024-02-20,2026-02-09
7,9,2024-06-18,26000.0,1.61,MENSAL,820.61,36,2024-06-22,2027-06-07
8,10,2026-02-08,75000.0,2.12,MENSAL,1352.86,18,2026-02-14,2027-08-08
9,12,2023-01-21,40000.0,2.25,MENSAL,578.04,24,2023-01-22,2025-01-11
10,13,2024-04-22,60000.0,2.93,MENSAL,899.03,12,2024-04-25,2025-04-20
11,16,2025-01-21,70000.0,16.62,ANUAL,1038.54,24,2025-01-22,2027-01-12
12,17,2026-01-17,90000.0,2.41,MENSAL,1401.58,12,2026-01-23,2027-01-18
13,19,2026-04-07,50000.0,1.49,MENSAL,987.52,36,2026-04-08,2029-03-23
14,22,2025-02-14,70000.0,2.77,MENSAL,1024.23,36,2025-02-15,2028-01-31
15,31,2025-02-27,120000.0,3.01,MENSAL,601.36,24,2025-03-05,2027-02-23
16,32,2026-07-18,41000.0,2.54,MENSAL,681.95,12,2026-07-21,2027-07-16
17,33,2022-02-08,100000.0,17.68,ANUAL,2038.49,36,2022-02-10,2025-01-25
18,35,2021-08-22,200000.0,2.93,MENSAL,1128.6,24,2021-08-23,2023-08-13
19,36,2025-01-11,97000.0,16.62,ANUAL,1590.77,24,2025-01-14,2027-01-04
20,38,2022-10-02,70000.0,2.78,MENSAL,1905.72,12,2022-10-08,2023-10-03
21,41,2025-05-05,33000.0,3.38,MENSAL,576.24,24,2025-05-08,2027-04-28
22,45,2021-11-11,40000.0,2.3,MENSAL,384.54,24,2021-11-18,2023-11-08
23,46,2023-07-08,107000.0,20.48,ANUAL,2773.9,24,2023-07-12,2025-07-01
24,47,2024-10-30,120000.0,2.68,MENSAL,1800.5,12,2024-11-05,2025-10-31
25,48,2024-08-28,97000.0,1.55,MENSAL,2414.62,12,2024-08-31,2025-08-26
26,49,2022-02-12,97000.0,2.34,MENSAL,3299.19,24,2022-02-15,2024-02-05
27,50,2023-07-02,41000.0,15.81,ANUAL,1024.04,6,2023-07-08,2024-01-04
28,51,2026-02-18,56000.0,1.58,MENSAL,815.19,24,2026-02-25,2028-02-15
29,52,2026-02-09,37000.0,1.33,MENSAL,397.3,24,2026-02-14,2028-02-04
30,53,2024-01-18,200000.0,3.09,MENSAL,2001.73,6,2024-01-25,2024-07-23
31,54,2023-08-15,21000.0,1.93,MENSAL,307.72,18,2023-08-17,2025-02-07
32,56,2023-07-27,32000.0,1.83,MENSAL,994.82,18,2023-07-29,2025-01-19
33,57,2021-05-30,30000.0,3.33,MENSAL,744.17,18,2021-06-01,2022-11-23
34,60,2021-05-27,23000.0,3.02,MENSAL,510.59,12,2021-06-01,2022-05-27
35,61,2021-09-10,142000.0,3.19,MENSAL,4731.73,12,2021-09-13,2022-09-08
36,69,2024-06-09,86000.0,2.21,MENSAL,3190.85,24,2024-06-14,2026-06-04
37,71,2026-07-07,49000.0,23.49,ANUAL,508.75,24,2026-07-11,2028-06-30
38,73,2021-02-04,75000.0,2.36,MENSAL,1195.92,18,2021-02-08,2022-08-02
39,75,2024-10-21,46000.0,2.37,MENSAL,695.06,6,2024-10-25,2025-04-23
40,76,2023-09-13,38000.0,2.05,MENSAL,1064.0,36,2023-09-17,2026-09-01
41,77,2022-12-11,60000.0,2.5,MENSAL,789.99,12,2022-12-17,2023-12-12
42,78,2023-05-17,22000.0,2.53,MENSAL,599.5,12,2023-05-22,2024-05-16
43,79,2023-07-07,150000.0,2.17,MENSAL,1750.65,18,2023-07-10,2024-12-31
44,84,2022-04-05,163000.0,2.64,MENSAL,2269.88,36,2022-04-08,2025-03-23
45,85,2026-01-28,23000.0,2.09,MENSAL,286.72,12,2026-02-03,2027-01-29
46,86,2025-05-13,51000.0,2.32,MENSAL,1029.53,12,2025-05-16,2026-05-11
47,87,2021-02-24,50000.0,2.66,MENSAL,803.98,18,2021-02-25,2022-08-19
48,91,2023-12-23,135000.0,2.9,MENSAL,2445.86,24,2023-12-24,2025-12-13
49,92,2023-05-27,30000.0,1.84,MENSAL,315.02,36,2023-05-28,2026-05-12
50,93,2021-03-14,27000.0,2.18,MENSAL,251.96,12,2021-03-18,2022-03-13
51,94,2025-02-27,200000.0,1.76,MENSAL,1219.74,24,2025-03-06,2027-02-24
52,95,2023-09-14,150000.0,1.92,MENSAL,2495.18,36,2023-09-18,2026-09-02
53,96,2026-02-10,118000.0,2.03,MENSAL,815.17,24,2026-02-14,2028-02-04
54,99,2022-07-19,28000.0,2.01,MENSAL,479.68,12,2022-07-25,2023-07-20
55,100,2024-02-21,200000.0,2.98,MENSAL,2778.75,12,2024-02-22,2025-02-16
56,111,2025-09-27,80000.0,3.49,MENSAL,1455.98,12,2025-09-29,2026-09-24
57,112,2021-08-16,25000.0,3.22,MENSAL,487.41,12,2021-08-17,2022-08-12
58,115,2024-09-03,65000.0,2.7,MENSAL,1026.81,12,2024-09-05,2025-08-31
59,117,2022-09-01,45000.0,1.33,MENSAL,872.68,36,2022-09-03,2025-08-18
60,120,2025-11-22,103000.0,1.3,MENSAL,887.89,6,2025-11-25,2026-05-24
61,121,2023-10-26,50000.0,2.16,MENSAL,602.21,24,2023-10-30,2025-10-19
62,122,2024-11-28,60000.0,3.0,MENSAL,1153.69,12,2024-12-02,2025-11-27
63,123,2022-02-22,104000.0,3.11,MENSAL,558.35,12,2022-02-27,2023-02-22
64,124,2024-04-27,30000.0,3.46,MENSAL,413.51,12,2024-04-29,2025-04-24
65,126,2022-05-26,150000.0,1.27,MENSAL,2581.21,12,2022-05-29,2023-05-24
66,127,2024-01-18,80000.0,2.75,MENSAL,2463.96,18,2024-01-19,2025-07-12
67,128,2023-05-10,102000.0,2.59,MENSAL,2163.46,36,2023-05-11,2026-04-25
68,134,2023-02-23,30000.0,17.61,ANUAL,175.53,36,2023-02-24,2026-02-08
69,135,2022-05-06,200000.0,24.15,ANUAL,1894.36,24,2022-05-07,2024-04-26
70,136,2021-02-21,68000.0,1.42,MENSAL,958.66,24,2021-02-22,2023-02-12
71,137,2026-07-22,61000.0,22.57,ANUAL,1062.29,24,2026-07-29,2028-07-18
72,138,2025-02-02,73000.0,1.34,MENSAL,1024.0,12,2025-02-04,2026-01-30
73,142,2026-07-23,38000.0,2.65,MENSAL,1415.49,12,2026-07-27,2027-07-22
74,143,2024-09-22,75000.0,24.03,ANUAL,401.79,36,2024-09-26,2027-09-11
75,146,2023-05-03,37000.0,3.1,MENSAL,262.05,6,2023-05-08,2023-11-04
76,147,2024-06-20,34000.0,1.65,MENSAL,1013.02,12,2024-06-27,2025-06-22
77,148,2024-03-05,20000.0,3.29,MENSAL,732.12,6,2024-03-10,2024-09-06
78,149,2021-08-11,80000.0,2.02,MENSAL,1849.44,12,2021-08-16,2022-08-11
79,152,2024-11-02,100000.0,2.1,MENSAL,656.31,24,2024-11-05,2026-10-26
80,153,2025-12-30,42000.0,3.14,MENSAL,923.82,6,2026-01-05,2026-07-04
81,155,2023-07-05,32000.0,2.95,MENSAL,553.43,6,2023-07-08,2024-01-04
82,156,2024-12-23,23000.0,1.23,MENSAL,400.35,12,2024-12-24,2025-12-19
83,157,2021-01-19,50000.0,1.47,MENSAL,821.84,36,2021-01-23,2024-01-08
84,159,2021-12-03,150000.0,2.88,MENSAL,2969.31,6,2021-12-09,2022-06-07
85,160,2021-01-11,200000.0,3.18,MENSAL,1300.07,12,2021-01-17,2022-01-12
86,161,2024-04-05,24000.0,2.69,MENSAL,529.08,36,2024-04-06,2027-03-22
87,162,2021-10-23,61000.0,1.79,MENSAL,2197.96,36,2021-10-30,2024-10-14
88,164,2023-03-24,43000.0,1.7,MENSAL,653.45,18,2023-03-28,2024-09-18
89,167,2021-07-24,30000.0,3.44,MENSAL,589.87,12,2021-07-27,2022-07-22
90,168,2023-11-13,30000.0,2.14,MENSAL,371.39,12,2023-11-14,2024-11-08
91,170,2022-01-18,40000.0,3.38,MENSAL,375.66,6,2022-01-22,2022-07-21
92,174,2022-12-10,28000.0,1.6,MENSAL,279.15,18,2022-12-16,2024-06-08
93,175,2024-07-19,55000.0,2.04,MENSAL,1220.52,12,2024-07-23,2025-07-18
94,176,2021-06-10,45000.0,20.23,ANUAL,565.38,6,2021-06-14,2021-12-11
95,178,2022-05-03,60000.0,22.22,ANUAL,590.04,12,2022-05-08,2023-05-03
96,183,2026-08-09,40000.0,2.84,MENSAL,989.85,24,2026-08-12,2028-08-01
97,187,2025-03-21,80000.0,23.15,ANUAL,943.58,36,2025-03-27,2028-03-11
98,189,2023-07-16,44000.0,17.0,ANUAL,725.31,12,2023-07-18,2024-07-12
99,190,2024-11-30,200000.0,1.9,MENSAL,4015.08,24,2024-12-03,2026-11-23
100,191,2024-05-22,200000.0,2.29,MENSAL,2140.49,36,2024-05-25,2027-05-10
101,193,2022-11-22,25000.0,2.57,MENSAL,810.82,24,2022-11-28,2024-11-17
102,195,2023-09-09,77000.0,2.28,MENSAL,2469.57,6,2023-09-13,2024-03-11
103,196,2022-04-01,50000.0,3.39,MENSAL,696.39,12,2022-04-04,2023-03-30
104,197,2023-11-24,75000.0,1.97,MENSAL,1804.46,24,2023-12-01,2025-11-20
105,198,2023-10-24,88000.0,16.5,ANUAL,2161.91,12,2023-10-26,2024-10-20
106,199,2023-04-17,65000.0,16.74,ANUAL,475.67,24,2023-04-24,2025-04-13
107,200,2023-06-02,61000.0,2.0,MENSAL,1816.15,36,2023-06-06,2026-05-21
108,201,2021-06-13,76000.0,3.32,MENSAL,1774.24,6,2021-06-14,2021-12-11
109,204,2022-06-03,58000.0,20.74,ANUAL,1387.55,36,2022-06-09,2025-05-24
110,214,2022-03-28,127000.0,2.81,MENSAL,1871.15,18,2022-03-30,2023-09-21
111,216,2022-02-12,150000.0,20.95,ANUAL,1076.0,36,2022-02-16,2025-01-31
112,218,2022-08-10,96000.0,3.46,MENSAL,1096.25,24,2022-08-13,2024-08-02
113,219,2023-08-28,40000.0,1.32,MENSAL,565.24,24,2023-09-01,2025-08-21
114,220,2021-04-04,75000.0,3.01,MENSAL,966.11,24,2021-04-07,2023-03-28
115,221,2026-06-14,200000.0,20.78,ANUAL,4241.21,24,2026-06-15,2028-06-04
116,222,2026-01-21,40000.0,2.5,MENSAL,502.27,12,2026-01-26,2027-01-21
117,223,2026-01-31,40000.0,2.56,MENSAL,624.35,24,2026-02-06,2028-01-27
118,224,2024-04-27,150000.0,3.21,MENSAL,2530.55,12,2024-05-04,2025-04-29
119,226,2022-12-14,123000.0,16.66,ANUAL,3060.53,24,2022-12-18,2024-12-07
120,227,2022-04-24,108000.0,2.9,MENSAL,1284.84,12,2022-04-25,2023-04-20
121,228,2026-04-04,120000.0,2.73,MENSAL,1611.07,24,2026-04-07,2028-03-27
122,229,2026-02-02,21000.0,2.03,MENSAL,210.17,18,2026-02-03,2027-07-28
123,230,2021-08-01,116000.0,16.71,ANUAL,3181.09,12,2021-08-07,2022-08-02
124,233,2025-12-10,69000.0,21.14,ANUAL,1277.06,24,2025-12-12,2027-12-02
125,236,2025-05-18,73000.0,2.03,MENSAL,2490.13,12,2025-05-21,2026-05-16
126,237,2025-05-06,200000.0,23.51,ANUAL,3529.42,12,2025-05-08,2026-05-03
127,239,2022-04-16,83000.0,20.55,ANUAL,2043.47,24,2022-04-22,2024-04-11
128,242,2021-10-12,50000.0,3.37,MENSAL,796.99,12,2021-10-14,2022-10-09
129,243,2025-07-04,40000.0,3.15,MENSAL,317.39,36,2025-07-05,2028-06-19
130,244,2025-07-10,60000.0,1.54,MENSAL,703.54,24,2025-07-17,2027-07-07
131,250,2022-05-10,107000.0,2.36,MENSAL,2189.4,6,2022-05-17,2022-11-13
132,253,2025-11-18,50000.0,1.52,MENSAL,380.92,18,2025-11-24,2027-05-18
133,254,2021-02-11,75000.0,2.05,MENSAL,452.58,24,2021-02-14,2023-02-04
134,257,2023-03-29,55000.0,2.33,MENSAL,904.88,6,2023-03-31,2023-09-27
135,262,2026-07-01,55000.0,2.84,MENSAL,1831.7,12,2026-07-06,2027-07-01
136,264,2022-11-01,44000.0,1.73,MENSAL,664.0,12,2022-11-06,2023-11-01
137,265,2023-11-11,100000.0,3.44,MENSAL,2219.06,12,2023-11-13,2024-11-07
138,266,2022-02-09,46000.0,1.99,MENSAL,642.39,6,2022-02-15,2022-08-14
139,267,2024-01-03,120000.0,19.28,ANUAL,1270.77,12,2024-01-05,2024-12-30
140,268,2024-11-19,25000.0,1.8,MENSAL,707.5,18,2024-11-23,2026-05-17
141,272,2021-11-22,71000.0,3.1,MENSAL,619.81,12,2021-11-25,2022-11-20
142,273,2023-06-23,35000.0,3.38,MENSAL,385.98,12,2023-06-25,2024-06-19
143,276,2026-08-09,37000.0,2.26,MENSAL,540.22,12,2026-08-11,2027-08-06
144,279,2025-12-10,50000.0,3.27,MENSAL,924.81,24,2025-12-12,2027-12-02
145,281,2023-06-22,16000.0,2.77,MENSAL,217.88,24,2023-06-23,2025-06-12
146,284,2025-05-23,50000.0,1.95,MENSAL,716.51,36,2025-05-29,2028-05-13
147,285,2024-04-15,56000.0,1.9,MENSAL,733.56,12,2024-04-18,2025-04-13
148,286,2023-11-04,200000.0,1.38,MENSAL,4410.49,24,2023-11-05,2025-10-25
149,288,2021-06-09,75000.0,3.12,MENSAL,695.75,24,2021-06-10,2023-05-31
150,291,2023-10-28,36000.0,3.2,MENSAL,288.98,18,2023-11-02,2025-04-25
151,293,2022-10-17,75000.0,24.4,ANUAL,560.91,24,2022-10-18,2024-10-07
152,294,2024-05-10,71000.0,16.82,ANUAL,693.62,18,2024-05-16,2025-11-07
153,295,2025-11-15,60000.0,2.36,MENSAL,1196.53,6,2025-11-21,2026-05-20
154,301,2025-11-01,139000.0,24.46,ANUAL,3854.35,36,2025-11-08,2028-10-23
155,303,2022-05-15,120000.0,1.26,MENSAL,1419.69,24,2022-05-20,2024-05-09
156,304,2024-10-28,45000.0,1.64,MENSAL,495.43,12,2024-11-03,2025-10-29
157,305,2021-08-12,150000.0,2.88,MENSAL,2307.5,12,2021-08-15,2022-08-10
158,306,2023-06-28,50000.0,1.86,MENSAL,783.25,24,2023-07-02,2025-06-21
159,307,2026-07-18,61000.0,1.66,MENSAL,855.82,18,2026-07-19,2028-01-10
160,308,2025-12-15,40000.0,2.72,MENSAL,690.49,12,2025-12-17,2026-12-12
161,310,2025-04-08,60000.0,1.56,MENSAL,1413.2,24,2025-04-14,2027-04-04
162,313,2022-03-12,60000.0,3.36,MENSAL,429.9,18,2022-03-17,2023-09-08
163,314,2021-03-06,61000.0,2.77,MENSAL,980.5,24,2021-03-11,2023-03-01
164,315,2024-11-18,183000.0,18.75,ANUAL,2095.62,36,2024-11-21,2027-11-06
165,316,2022-10-05,40000.0,2.44,MENSAL,226.25,12,2022-10-06,2023-10-01
166,318,2025-10-25,120000.0,1.92,MENSAL,1063.06,36,2025-10-27,2028-10-11
167,321,2021-05-19,129000.0,1.51,MENSAL,1767.02,24,2021-05-21,2023-05-11
168,323,2023-12-02,40000.0,3.43,MENSAL,271.79,12,2023-12-06,2024-11-30
169,330,2022-09-02,52000.0,2.93,MENSAL,938.19,36,2022-09-08,2025-08-23
170,333,2025-10-30,30000.0,2.74,MENSAL,608.85,24,2025-11-01,2027-10-22
171,335,2025-12-12,55000.0,2.4,MENSAL,1809.9,6,2025-12-14,2026-06-12
172,336,2022-08-16,80000.0,1.99,MENSAL,1094.96,36,2022-08-22,2025-08-06
173,337,2025-08-01,133000.0,2.27,MENSAL,3660.75,36,2025-08-03,2028-07-18
174,338,2022-09-23,75000.0,17.07,ANUAL,1584.6,24,2022-09-28,2024-09-17
175,340,2024-09-17,30000.0,1.72,MENSAL,707.55,24,2024-09-18,2026-09-08
176,341,2022-12-29,64000.0,1.8,MENSAL,440.76,12,2023-01-03,2023-12-29
177,342,2022-09-15,200000.0,2.82,MENSAL,4977.08,12,2022-09-18,2023-09-13
178,343,2025-03-10,97000.0,1.43,MENSAL,3060.27,24,2025-03-11,2027-03-01
179,347,2022-07-07,120000.0,1.58,MENSAL,2448.45,24,2022-07-12,2024-07-01
180,348,2021-12-26,40000.0,2.31,MENSAL,839.38,12,2021-12-29,2022-12-24
181,349,2026-07-12,45000.0,2.29,MENSAL,1022.89,18,2026-07-18,2028-01-09
182,350,2023-07-15,35000.0,16.71,ANUAL,1195.41,18,2023-07-21,2025-01-11
183,351,2023-10-19,51000.0,1.88,MENSAL,417.46,24,2023-10-24,2025-10-13
184,352,2023-09-14,65000.0,2.53,MENSAL,683.7,18,2023-09-21,2025-03-14
185,353,2021-07-10,200000.0,3.19,MENSAL,2656.71,24,2021-07-12,2023-07-02
186,354,2023-04-14,77000.0,2.46,MENSAL,701.9,18,2023-04-17,2024-10-08
187,355,2024-12-15,100000.0,3.39,MENSAL,1396.43,24,2024-12-22,2026-12-12
188,358,2022-11-06,150000.0,2.07,MENSAL,2025.31,6,2022-11-10,2023-05-09
189,361,2025-04-13,60000.0,2.27,MENSAL,1372.49,36,2025-04-15,2028-03-30
190,362,2022-02-18,28000.0,2.11,MENSAL,378.54,12,2022-02-22,2023-02-17
191,363,2026-04-23,162000.0,2.63,MENSAL,1872.1,12,2026-04-30,2027-04-25
192,365,2024-04-19,174000.0,1.3,MENSAL,2670.97,24,2024-04-22,2026-04-12
193,367,2024-01-16,24000.0,2.84,MENSAL,451.61,18,2024-01-22,2025-07-15
194,368,2021-06-30,100000.0,1.76,MENSAL,803.6,12,2021-07-01,2022-06-26
195,370,2022-12-13,120000.0,1.3,MENSAL,1957.9,24,2022-12-14,2024-12-03
196,374,2025-06-03,141000.0,2.55,MENSAL,3659.31,6,2025-06-09,2025-12-06
197,377,2023-06-18,150000.0,3.03,MENSAL,3264.41,18,2023-06-23,2024-12-14
198,380,2025-08-13,50000.0,3.29,MENSAL,419.98,36,2025-08-15,2028-07-30
199,381,2023-01-29,50000.0,1.49,MENSAL,1068.23,24,2023-01-30,2025-01-19
200,384,2026-04-25,50000.0,2.53,MENSAL,1179.6,18,2026-04-30,2027-10-22
201,386,2021-10-27,75000.0,1.5,MENSAL,1220.79,18,2021-10-30,2023-04-23
202,387,2025-12-24,105000.0,2.59,MENSAL,2913.12,36,2025-12-26,2028-12-10
203,390,2021-08-01,62000.0,21.97,ANUAL,1705.44,36,2021-08-06,2024-07-21
204,391,2022-03-03,100000.0,1.24,MENSAL,635.05,12,2022-03-04,2023-02-27
205,392,2026-02-26,38000.0,3.07,MENSAL,579.3,24,2026-03-04,2028-02-22
206,394,2026-06-17,100000.0,2.26,MENSAL,1825.85,24,2026-06-23,2028-06-12
207,395,2025-11-23,44000.0,1.3,MENSAL,508.77,12,2025-11-26,2026-11-21
208,398,2025-12-14,25000.0,1.45,MENSAL,348.78,36,2025-12-15,2028-11-29
209,399,2025-01-26,46000.0,23.55,ANUAL,859.9,12,2025-02-01,2026-01-27
210,401,2022-01-06,80000.0,2.29,MENSAL,1548.9,12,2022-01-09,2023-01-04
211,402,2026-01-21,149000.0,2.62,MENSAL,2770.62,12,2026-01-24,2027-01-19
212,403,2023-09-05,80000.0,1.33,MENSAL,650.07,24,2023-09-08,2025-08-28
213,406,2024-06-06,120000.0,1.49,MENSAL,1692.85,6,2024-06-13,2024-12-10
214,407,2022-05-11,79000.0,16.7,ANUAL,2694.08,6,2022-05-17,2022-11-13
215,410,2021-10-02,120000.0,2.12,MENSAL,810.62,12,2021-10-04,2022-09-29
216,411,2021-09-17,30000.0,2.71,MENSAL,218.41,24,2021-09-21,2023-09-11
217,412,2026-01-04,88000.0,2.39,MENSAL,2359.26,12,2026-01-06,2027-01-01
218,413,2025-11-09,96000.0,2.71,MENSAL,2299.19,6,2025-11-16,2026-05-15
219,414,2021-09-13,170000.0,1.31,MENSAL,2258.87,12,2021-09-14,2022-09-09
220,415,2021-04-04,105000.0,3.16,MENSAL,1270.85,12,2021-04-11,2022-04-06
221,416,2023-05-03,186000.0,16.24,ANUAL,2809.8,6,2023-05-09,2023-11-05
222,418,2021-07-28,112000.0,18.89,ANUAL,1056.11,12,2021-07-29,2022-07-24
223,421,2022-09-29,60000.0,21.85,ANUAL,1146.33,6,2022-10-06,2023-04-04
224,423,2022-08-28,54000.0,2.66,MENSAL,311.85,6,2022-08-30,2023-02-26
225,425,2022-05-30,60000.0,1.99,MENSAL,706.82,18,2022-06-02,2023-11-24
226,426,2023-05-04,60000.0,2.18,MENSAL,1086.55,24,2023-05-08,2025-04-27
227,427,2025-08-04,25000.0,2.96,MENSAL,275.22,36,2025-08-09,2028-07-24
228,429,2025-11-27,45000.0,18.46,ANUAL,898.66,24,2025-12-01,2027-11-21
229,438,2025-06-05,200000.0,2.62,MENSAL,2018.2,24,2025-06-11,2027-06-01
230,441,2021-09-13,50000.0,1.79,MENSAL,511.9,24,2021-09-15,2023-09-05
231,442,2021-09-03,21000.0,1.23,MENSAL,543.71,12,2021-09-10,2022-09-05
232,445,2023-03-11,70000.0,3.46,MENSAL,1175.86,18,2023-03-18,2024-09-08
233,449,2022-06-01,37000.0,2.43,MENSAL,899.99,12,2022-06-03,2023-05-29
234,454,2023-07-30,34000.0,2.73,MENSAL,679.1,12,2023-08-04,2024-07-29
235,456,2021-02-05,15000.0,2.69,MENSAL,593.62,6,2021-02-11,2021-08-10
236,457,2022-04-07,30000.0,2.78,MENSAL,425.03,24,2022-04-14,2024-04-03
237,458,2025-07-01,60000.0,22.22,ANUAL,411.34,18,2025-07-02,2026-12-24
238,459,2022-01-09,89000.0,3.22,MENSAL,1624.02,12,2022-01-14,2023-01-09
239,460,2021-12-02,100000.0,1.59,MENSAL,753.13,36,2021-12-06,2024-11-20
240,462,2023-02-17,134000.0,3.23,MENSAL,2242.72,18,2023-02-21,2024-08-14
241,463,2024-11-03,75000.0,2.61,MENSAL,1460.15,18,2024-11-09,2026-05-03
242,466,2025-12-09,200000.0,24.95,ANUAL,3449.76,36,2025-12-12,2028-11-26
243,468,2022-07-03,48000.0,3.06,MENSAL,1747.93,36,2022-07-09,2025-06-23
244,474,2026-06-07,119000.0,24.98,ANUAL,3144.39,12,2026-06-10,2027-06-05
245,476,2021-05-22,60000.0,3.49,MENSAL,525.73,12,2021-05-24,2022-05-19
246,480,2022-08-12,75000.0,3.43,MENSAL,515.37,18,2022-08-18,2024-02-09
247,482,2024-12-21,27000.0,16.4,ANUAL,730.23,12,2024-12-26,2025-12-21
248,483,2026-06-23,55000.0,2.37,MENSAL,539.75,6,2026-06-27,2026-12-24
249,484,2025-02-08,120000.0,2.39,MENSAL,1301.55,24,2025-02-09,2027-01-30
250,485,2021-04-16,31000.0,1.44,MENSAL,757.68,24,2021-04-22,2023-04-12
251,487,2026-06-04,30000.0,2.45,MENSAL,516.31,18,2026-06-05,2027-11-27
252,488,2024-10-22,53000.0,1.97,MENSAL,669.15,24,2024-10-26,2026-10-16
253,494,2021-03-23,98000.0,2.18,MENSAL,2350.79,12,2021-03-26,2022-03-21
254,495,2021-11-24,75000.0,1.79,MENSAL,1798.31,24,2021-11-28,2023-11-18
255,496,2022-04-03,73000.0,17.89,ANUAL,1610.4,12,2022-04-04,2023-03-30
256,497,2025-04-04,59000.0,1.3,MENSAL,1082.46,36,2025-04-09,2028-03-24
257,499,2021-05-23,60000.0,3.24,MENSAL,823.36,12,2021-05-30,2022-05-25
258,505,2024-03-09,36000.0,2.96,MENSAL,996.01,12,2024-03-13,2025-03-08
259,506,2025-11-23,60000.0,1.71,MENSAL,394.49,24,2025-11-29,2027-11-19
260,509,2023-10-05,71000.0,2.03,MENSAL,963.39,12,2023-10-10,2024-10-04
261,510,2022-02-24,105000.0,1.58,MENSAL,1128.69,36,2022-02-27,2025-02-11
262,511,2024-11-30,69000.0,3.28,MENSAL,585.86,12,2024-12-03,2025-11-28
263,516,2024-06-02,170000.0,1.2,MENSAL,1077.73,24,2024-06-09,2026-05-30
