credit_request_id,customer_id,requested_amount,credit_score,score_consulted_at,status,rejection_reason,created_at,analysis_completed_at
1,1,70000,715,2026-01-12 10:08:00,APROVADA,,2026-01-12 10:00:00,2026-01-12 17:00:00
2,2,90000,680,2026-02-05 10:51:00,APROVADA,,2026-02-05 09:30:00,2026-02-05 17:30:00
3,3,50000,620,2024-05-10 12:12:00,APROVADA,,2024-05-10 11:00:00,2024-05-10 15:00:00
4,3,100000,690,2025-02-18 14:27:00,APROVADA,,2025-02-18 14:00:00,2025-02-18 23:00:00
5,3,120000,720,2026-03-03 09:41:00,APROVADA,,2026-03-03 09:00:00,2026-03-03 18:00:00
6,4,80000,560,2025-03-10 10:46:00,REJEITADA,SCORE_ABAIXO_DA_POLITICA,2025-03-10 10:00:00,2025-03-10 14:00:00
7,4,80000,690,2025-09-15 09:55:00,APROVADA,,2025-09-15 09:30:00,2025-09-15 12:30:00
8,5,120000,740,2026-01-20 13:40:00,APROVADA,,2026-01-20 13:00:00,2026-01-20 22:00:00
9,6,40000,710,2024-02-10 10:34:00,APROVADA,,2024-02-10 10:00:00,2024-02-10 18:00:00
10,7,60000,705,2024-06-11 11:04:00,APROVADA,,2024-06-11 10:00:00,2024-06-11 12:00:00
11,8,85000,675,2026-02-01 10:09:00,APROVADA,,2026-02-01 09:00:00,2026-02-01 12:00:00
12,9,100000,640,2025-12-10 11:13:00,APROVADA,,2025-12-10 11:00:00,2025-12-10 17:00:00
13,10,40000,700,2023-01-15 10:44:00,APROVADA,,2023-01-15 10:00:00,2023-01-15 16:00:00
14,10,60000,720,2024-04-20 11:29:00,APROVADA,,2024-04-20 10:00:00,2024-04-20 12:00:00
15,11,50000,610,2024-03-12 11:18:00,REJEITADA,SCORE_ABAIXO_DA_POLITICA,2024-03-12 10:00:00,2024-03-12 21:00:00
16,11,70000,665,2025-03-12 11:12:00,REJEITADA,DADOS_INCOMPLETOS,2025-03-12 10:00:00,2025-03-12 15:00:00
17,11,80000,710,2026-02-12 11:07:00,APROVADA,,2026-02-12 10:00:00,2026-02-12 15:00:00
18,12,50000,700,2026-03-15 10:05:00,APROVADA,,2026-03-15 10:00:00,2026-03-15 11:00:00
19,13,70000,690,2025-01-15 11:27:00,APROVADA,,2025-01-15 10:00:00,2025-01-15 20:00:00
20,13,90000,705,2026-01-15 11:07:00,APROVADA,,2026-01-15 10:00:00,2026-01-15 13:00:00
21,14,60000,550,2025-02-10 11:20:00,REJEITADA,SCORE_ABAIXO_DA_POLITICA,2025-02-10 10:00:00,2025-02-10 21:00:00
22,14,65000,575,2026-03-10 11:22:00,REJEITADA,SCORE_ABAIXO_DA_POLITICA,2026-03-10 10:00:00,2026-03-10 16:00:00
23,15,100000,730,2026-02-20 10:26:00,APROVADA,,2026-02-20 10:00:00,2026-02-20 20:00:00
24,16,50000,700,2026-04-05 10:06:00,APROVADA,,2026-04-05 10:00:00,2026-04-05 12:00:00
25,17,90000,720,2026-01-08 11:01:00,APROVADA,,2026-01-08 10:00:00,2026-01-08 12:00:00
26,18,50000,580,2023-02-01 10:44:00,REJEITADA,SCORE_ABAIXO_DA_POLITICA,2023-02-01 10:00:00,2023-02-01 19:00:00
27,18,60000,600,2024-01-10 10:06:00,REJEITADA,DADOS_INCOMPLETOS,2024-01-10 10:00:00,2024-01-10 20:00:00
28,18,75000,710,2026-01-10 10:28:00,APROVADA,,2026-01-10 10:00:00,2026-01-10 16:00:00
29,19,70000,590,2024-01-10 11:29:00,REJEITADA,SCORE_ABAIXO_DA_POLITICA,2024-01-10 10:00:00,2024-01-10 11:00:00
30,19,70000,650,2025-02-10 10:35:00,APROVADA,,2025-02-10 10:00:00,2025-02-10 21:00:00
31,20,70000,720,2025-01-10 10:27:00,APROVADA,,2025-01-10 10:00:00,2025-01-10 15:00:00
32,20,70000,640,2026-02-10 11:00:00,REJEITADA,SCORE_ABAIXO_DA_POLITICA,2026-02-10 10:00:00,2026-02-10 21:00:00
33,496,75000,710,2024-06-27 22:01:00,APROVADA,,2024-06-27 21:00:00,2024-06-28 08:00:00
34,111,40000,658,2025-12-11 05:33:00,APROVADA,,2025-12-11 05:00:00,2025-12-11 09:00:00
35,50,40000,580,2021-01-03 03:17:00,APROVADA,,2021-01-03 02:00:00,2021-01-03 06:00:00
36,42,60000,712,2023-08-21 13:54:00,REJEITADA,SCORE_ABAIXO_DA_POLITICA,2023-08-21 13:00:00,2023-08-21 18:00:00
37,61,40000,828,2024-12-20 03:18:00,APROVADA,,2024-12-20 03:00:00,2024-12-20 05:00:00
38,281,200000,621,2024-06-05 13:32:00,REJEITADA,DADOS_INCOMPLETOS,2024-06-05 13:00:00,2024-06-05 16:00:00
39,159,75000,681,2024-07-01 14:17:00,REJEITADA,SCORE_ABAIXO_DA_POLITICA,2024-07-01 13:00:00,2024-07-01 15:00:00
40,162,60000,677,2026-08-06 11:12:00,REJEITADA,DADOS_INCOMPLETOS,2026-08-06 11:00:00,2026-08-06 12:00:00
41,467,80000,611,2026-03-07 09:06:00,APROVADA,,2026-03-07 09:00:00,2026-03-07 15:00:00
42,50,40000,678,2021-11-09 17:00:00,APROVADA,,2021-11-09 16:00:00,2021-11-09 22:00:00
43,179,30000,628,2025-10-18 21:42:00,EM_ANALISE,,2025-10-18 21:00:00,
44,291,40000,664,2021-01-16 20:26:00,APROVADA,,2021-01-16 20:00:00,2021-01-16 22:00:00
45,312,75000,850,2022-06-08 16:45:00,REJEITADA,DADOS_INCOMPLETOS,2022-06-08 16:00:00,2022-06-08 22:00:00
46,231,200000,694,2024-03-29 04:20:00,REJEITADA,DADOS_INCOMPLETOS,2024-03-29 04:00:00,2024-03-29 13:00:00
47,225,120000,547,2025-02-21 07:36:00,APROVADA,,2025-02-21 07:00:00,2025-02-21 08:00:00
48,75,50000,649,2026-07-16 20:24:00,APROVADA,,2026-07-16 20:00:00,2026-07-17 04:00:00
49,206,40000,746,2025-03-06 10:54:00,REJEITADA,SCORE_ABAIXO_DA_POLITICA,2025-03-06 10:00:00,2025-03-06 18:00:00
50,491,30000,700,2026-03-22 04:02:00,REJEITADA,DOCUMENTACAO_INCONSISTENTE,2026-03-22 03:00:00,2026-03-22 12:00:00
51,384,100000,682,2022-02-07 09:22:00,APROVADA,,2022-02-07 08:00:00,2022-02-07 10:00:00
52,249,120000,640,2026-02-17 03:10:00,APROVADA,,2026-02-17 03:00:00,2026-02-17 12:00:00
53,312,200000,750,2021-08-20 06:32:00,APROVADA,,2021-08-20 06:00:00,2021-08-20 12:00:00
54,75,40000,649,2024-03-22 23:27:00,REJEITADA,SCORE_ABAIXO_DA_POLITICA,2024-03-22 23:00:00,2024-03-23 01:00:00
55,461,80000,600,2026-03-23 22:54:00,REJEITADA,DOCUMENTACAO_INCONSISTENTE,2026-03-23 22:00:00,2026-03-24 06:00:00
56,190,150000,522,2025-01-08 14:50:00,APROVADA,,2025-01-08 14:00:00,2025-01-08 23:00:00
57,345,40000,613,2025-01-12 15:19:00,APROVADA,,2025-01-12 14:00:00,2025-01-12 15:00:00
58,35,40000,594,2024-01-31 23:23:00,REJEITADA,DOCUMENTACAO_INCONSISTENTE,2024-01-31 22:00:00,2024-02-01 08:00:00
59,332,80000,710,2022-09-27 22:10:00,APROVADA,,2022-09-27 21:00:00,2022-09-28 07:00:00
60,274,150000,778,2021-09-30 05:21:00,REJEITADA,DOCUMENTACAO_INCONSISTENTE,2021-09-30 05:00:00,2021-09-30 13:00:00
61,231,50000,796,2023-08-17 05:08:00,REJEITADA,DOCUMENTACAO_INCONSISTENTE,2023-08-17 05:00:00,2023-08-17 13:00:00
62,185,60000,691,2023-12-31 03:21:00,APROVADA,,2023-12-31 02:00:00,2023-12-31 03:00:00
63,297,120000,810,2025-12-29 12:25:00,APROVADA,,2025-12-29 11:00:00,2025-12-29 21:00:00
64,60,50000,746,2025-04-27 22:26:00,APROVADA,,2025-04-27 22:00:00,2025-04-28 00:00:00
65,140,120000,530,2023-03-18 08:08:00,APROVADA,,2023-03-18 08:00:00,2023-03-18 10:00:00
66,232,60000,836,2023-05-01 04:02:00,APROVADA,,2023-05-01 03:00:00,2023-05-01 06:00:00
67,281,120000,634,2023-02-14 11:55:00,APROVADA,,2023-02-14 11:00:00,2023-02-14 16:00:00
68,333,40000,842,2021-11-05 00:20:00,APROVADA,,2021-11-04 23:00:00,2021-11-05 07:00:00
69,478,100000,687,2022-01-13 13:53:00,REJEITADA,DOCUMENTACAO_INCONSISTENTE,2022-01-13 13:00:00,2022-01-13 22:00:00
70,44,120000,589,2023-07-07 10:09:00,APROVADA,,2023-07-07 09:00:00,2023-07-07 13:00:00
71,24,120000,683,2024-10-27 23:11:00,APROVADA,,2024-10-27 22:00:00,2024-10-28 01:00:00
72,453,120000,590,2024-08-22 00:05:00,APROVADA,,2024-08-22 00:00:00,2024-08-22 06:00:00
73,365,150000,706,2022-02-10 03:17:00,APROVADA,,2022-02-10 03:00:00,2022-02-10 06:00:00
74,286,50000,685,2023-06-25 04:11:00,APROVADA,,2023-06-25 03:00:00,2023-06-25 04:00:00
75,86,100000,850,2026-02-17 09:20:00,APROVADA,,2026-02-17 09:00:00,2026-02-17 12:00:00
76,232,200000,741,2021-02-03 12:22:00,REJEITADA,SCORE_ABAIXO_DA_POLITICA,2021-02-03 12:00:00,2021-02-03 22:00:00
77,487,60000,541,2026-02-02 16:08:00,APROVADA,,2026-02-02 15:00:00,2026-02-03 00:00:00
78,224,50000,663,2022-05-05 05:22:00,REJEITADA,SCORE_ABAIXO_DA_POLITICA,2022-05-05 05:00:00,2022-05-05 15:00:00
79,136,200000,642,2024-01-12 07:17:00,APROVADA,,2024-01-12 07:00:00,2024-01-12 10:00:00
80,255,150000,650,2026-02-28 09:06:00,REJEITADA,DADOS_INCOMPLETOS,2026-02-28 09:00:00,2026-02-28 20:00:00
81,102,30000,632,2023-08-13 21:44:00,APROVADA,,2023-08-13 21:00:00,2023-08-14 04:00:00
82,179,200000,588,2021-11-22 04:59:00,REJEITADA,DOCUMENTACAO_INCONSISTENTE,2021-11-22 04:00:00,2021-11-22 12:00:00
83,136,30000,597,2022-08-19 16:07:00,REJEITADA,DOCUMENTACAO_INCONSISTENTE,2022-08-19 15:00:00,2022-08-19 20:00:00
84,134,50000,682,2021-02-18 23:21:00,REJEITADA,SCORE_ABAIXO_DA_POLITICA,2021-02-18 22:00:00,2021-02-19 05:00:00
85,116,75000,623,2021-01-10 11:00:00,REJEITADA,DADOS_INCOMPLETOS,2021-01-10 10:00:00,2021-01-10 19:00:00
86,2,100000,729,2026-08-08 07:09:00,APROVADA,,2026-08-08 06:00:00,2026-08-08 08:00:00
87,255,40000,619,2023-07-21 01:22:00,APROVADA,,2023-07-21 01:00:00,2023-07-21 04:00:00
88,111,120000,656,2024-07-03 16:33:00,REJEITADA,DOCUMENTACAO_INCONSISTENTE,2024-07-03 16:00:00,2024-07-03 22:00:00
89,299,50000,704,2024-11-19 01:30:00,REJEITADA,DOCUMENTACAO_INCONSISTENTE,2024-11-19 01:00:00,2024-11-19 08:00:00
90,168,30000,709,2021-05-27 18:10:00,APROVADA,,2021-05-27 18:00:00,2021-05-27 23:00:00
91,228,30000,754,2026-08-04 02:27:00,REJEITADA,SCORE_ABAIXO_DA_POLITICA,2026-08-04 01:00:00,2026-08-04 10:00:00
92,317,150000,625,2024-12-30 03:25:00,APROVADA,,2024-12-30 03:00:00,2024-12-30 05:00:00
93,273,150000,655,2022-09-09 08:43:00,APROVADA,,2022-09-09 08:00:00,2022-09-09 10:00:00
94,394,30000,654,2021-05-24 20:35:00,APROVADA,,2021-05-24 20:00:00,2021-05-25 05:00:00
95,391,200000,762,2021-09-04 23:08:00,APROVADA,,2021-09-04 23:00:00,2021-09-05 01:00:00
96,317,30000,631,2024-11-16 06:21:00,APROVADA,,2024-11-16 05:00:00,2024-11-16 14:00:00
97,83,100000,840,2022-09-02 23:23:00,REJEITADA,DOCUMENTACAO_INCONSISTENTE,2022-09-02 23:00:00,2022-09-03 05:00:00
98,322,40000,768,2022-12-01 00:13:00,APROVADA,,2022-12-01 00:00:00,2022-12-01 10:00:00
99,381,200000,699,2023-11-06 14:34:00,APROVADA,,2023-11-06 14:00:00,2023-11-07 00:00:00
100,407,200000,811,2021-02-23 01:17:00,REJEITADA,SCORE_ABAIXO_DA_POLITICA,2021-02-23 01:00:00,2021-02-23 03:00:00
101,197,50000,678,2024-03-25 07:29:00,APROVADA,,2024-03-25 06:00:00,2024-03-25 09:00:00
102,277,100000,703,2024-12-05 05:21:00,APROVADA,,2024-12-05 05:00:00,2024-12-05 12:00:00
103,299,80000,686,2024-03-04 03:30:00,REJEITADA,DOCUMENTACAO_INCONSISTENTE,2024-03-04 03:00:00,2024-03-04 12:00:00
104,89,80000,639,2025-03-01 15:28:00,APROVADA,,2025-03-01 15:00:00,2025-03-02 02:00:00
105,484,40000,605,2021-05-09 05:07:00,APROVADA,,2021-05-09 05:00:00,2021-05-09 07:00:00
106,112,200000,675,2026-06-13 18:06:00,REJEITADA,DADOS_INCOMPLETOS,2026-06-13 18:00:00,2026-06-13 21:00:00
107,47,150000,660,2024-06-06 00:48:00,APROVADA,,2024-06-06 00:00:00,2024-06-06 04:00:00
108,165,120000,823,2025-07-23 00:24:00,APROVADA,,2025-07-23 00:00:00,2025-07-23 09:00:00
109,283,75000,679,2026-07-05 16:12:00,APROVADA,,2026-07-05 16:00:00,2026-07-05 19:00:00
110,407,40000,670,2023-06-20 05:29:00,APROVADA,,2023-06-20 05:00:00,2023-06-20 11:00:00
111,412,75000,731,2021-02-01 03:28:00,APROVADA,,2021-02-01 03:00:00,2021-02-01 14:00:00
112,199,150000,624,2022-10-23 15:41:00,REJEITADA,DOCUMENTACAO_INCONSISTENTE,2022-10-23 15:00:00,2022-10-23 19:00:00
113,332,80000,741,2021-08-24 22:29:00,REJEITADA,DADOS_INCOMPLETOS,2021-08-24 21:00:00,2021-08-25 07:00:00
114,42,200000,754,2023-08-27 02:31:00,APROVADA,,2023-08-27 02:00:00,2023-08-27 13:00:00
115,163,50000,577,2024-10-15 01:04:00,APROVADA,,2024-10-15 00:00:00,2024-10-15 09:00:00
116,409,30000,587,2024-03-04 05:10:00,REJEITADA,SCORE_ABAIXO_DA_POLITICA,2024-03-04 04:00:00,2024-03-04 05:00:00
117,229,60000,583,2023-09-06 20:09:00,APROVADA,,2023-09-06 20:00:00,2023-09-07 07:00:00
118,367,60000,769,2022-12-08 22:47:00,APROVADA,,2022-12-08 22:00:00,2022-12-09 00:00:00
119,104,120000,658,2024-08-08 16:43:00,REJEITADA,SCORE_ABAIXO_DA_POLITICA,2024-08-08 16:00:00,2024-08-08 22:00:00
120,44,60000,722,2023-12-30 03:48:00,REJEITADA,DADOS_INCOMPLETOS,2023-12-30 03:00:00,2023-12-30 04:00:00
121,381,30000,648,2022-07-20 02:19:00,REJEITADA,SCORE_ABAIXO_DA_POLITICA,2022-07-20 02:00:00,2022-07-20 09:00:00
122,161,30000,766,2023-05-14 00:44:00,APROVADA,,2023-05-14 00:00:00,2023-05-14 07:00:00
123,84,80000,765,2025-02-02 13:15:00,REJEITADA,DADOS_INCOMPLETOS,2025-02-02 13:00:00,2025-02-02 18:00:00
124,22,150000,709,2026-05-16 12:25:00,REJEITADA,DADOS_INCOMPLETOS,2026-05-16 11:00:00,2026-05-16 17:00:00
125,424,150000,592,2023-07-04 06:54:00,APROVADA,,2023-07-04 06:00:00,2023-07-04 17:00:00
126,305,30000,803,2021-05-07 04:07:00,APROVADA,,2021-05-07 04:00:00,2021-05-07 06:00:00
127,417,80000,772,2025-07-11 22:47:00,APROVADA,,2025-07-11 22:00:00,2025-07-12 05:00:00
128,466,120000,773,2021-05-12 05:23:00,APROVADA,,2021-05-12 04:00:00,2021-05-12 13:00:00
129,241,200000,715,2022-11-01 01:08:00,REJEITADA,DADOS_INCOMPLETOS,2022-11-01 00:00:00,2022-11-01 07:00:00
130,495,200000,776,2022-02-15 20:28:00,APROVADA,,2022-02-15 20:00:00,2022-02-16 01:00:00
131,273,200000,662,2022-04-03 02:20:00,APROVADA,,2022-04-03 01:00:00,2022-04-03 02:00:00
132,461,40000,664,2023-07-13 08:20:00,REJEITADA,DADOS_INCOMPLETOS,2023-07-13 08:00:00,2023-07-13 17:00:00
133,455,40000,653,2026-01-25 12:25:00,APROVADA,,2026-01-25 12:00:00,2026-01-25 16:00:00
134,67,80000,666,2021-08-01 16:18:00,REJEITADA,SCORE_ABAIXO_DA_POLITICA,2021-08-01 16:00:00,2021-08-01 23:00:00
135,117,60000,661,2025-05-06 08:23:00,APROVADA,,2025-05-06 07:00:00,2025-05-06 17:00:00
136,240,50000,632,2021-02-17 08:05:00,APROVADA,,2021-02-17 07:00:00,2021-02-17 13:00:00
137,351,100000,648,2023-09-13 13:49:00,APROVADA,,2023-09-13 13:00:00,2023-09-13 15:00:00
138,284,150000,770,2022-07-18 15:01:00,APROVADA,,2022-07-18 14:00:00,2022-07-18 21:00:00
139,83,100000,710,2024-11-23 07:27:00,APROVADA,,2024-11-23 07:00:00,2024-11-23 08:00:00
140,325,150000,723,2023-12-19 00:11:00,APROVADA,,2023-12-19 00:00:00,2023-12-19 10:00:00
141,66,30000,731,2023-05-20 15:16:00,APROVADA,,2023-05-20 14:00:00,2023-05-20 18:00:00
142,35,40000,728,2021-03-10 07:26:00,APROVADA,,2021-03-10 06:00:00,2021-03-10 16:00:00
143,154,100000,656,2022-02-20 13:08:00,REJEITADA,DADOS_INCOMPLETOS,2022-02-20 13:00:00,2022-02-20 18:00:00
144,308,40000,771,2022-07-05 21:09:00,REJEITADA,DADOS_INCOMPLETOS,2022-07-05 21:00:00,2022-07-05 22:00:00
145,224,200000,748,2025-02-26 20:52:00,APROVADA,,2025-02-26 20:00:00,2025-02-26 21:00:00
146,60,150000,758,2023-09-08 15:08:00,APROVADA,,2023-09-08 15:00:00,2023-09-08 16:00:00
147,355,150000,639,2026-02-03 02:06:00,APROVADA,,2026-02-03 01:00:00,2026-02-03 06:00:00
148,206,120000,660,2025-11-30 13:25:00,APROVADA,,2025-11-30 12:00:00,2025-11-30 14:00:00
149,139,30000,726,2023-11-14 12:28:00,APROVADA,,2023-11-14 12:00:00,2023-11-14 17:00:00
150,24,120000,816,2021-05-12 18:30:00,REJEITADA,SCORE_ABAIXO_DA_POLITICA,2021-05-12 18:00:00,2021-05-13 00:00:00
151,47,40000,703,2022-07-15 16:18:00,APROVADA,,2022-07-15 15:00:00,2022-07-15 20:00:00
152,350,150000,721,2021-06-27 20:35:00,REJEITADA,DOCUMENTACAO_INCONSISTENTE,2021-06-27 20:00:00,2021-06-28 03:00:00
153,104,200000,643,2024-02-18 21:25:00,APROVADA,,2024-02-18 21:00:00,2024-02-19 08:00:00
154,188,75000,520,2023-06-28 07:12:00,APROVADA,,2023-06-28 07:00:00,2023-06-28 08:00:00
155,181,30000,593,2022-01-21 02:16:00,REJEITADA,SCORE_ABAIXO_DA_POLITICA,2022-01-21 01:00:00,2022-01-21 05:00:00
156,229,120000,670,2024-10-24 17:23:00,REJEITADA,SCORE_ABAIXO_DA_POLITICA,2024-10-24 16:00:00,2024-10-25 00:00:00
157,56,30000,644,2024-02-21 15:11:00,EM_ANALISE,,2024-02-21 15:00:00,
158,239,200000,669,2025-05-23 08:13:00,APROVADA,,2025-05-23 07:00:00,2025-05-23 08:00:00
159,283,75000,684,2022-06-12 10:18:00,APROVADA,,2022-06-12 10:00:00,2022-06-12 19:00:00
160,183,120000,573,2025-03-21 02:16:00,APROVADA,,2025-03-21 02:00:00,2025-03-21 08:00:00
161,424,150000,611,2025-06-16 23:37:00,APROVADA,,2025-06-16 23:00:00,2025-06-17 04:00:00
162,427,80000,670,2023-04-20 09:42:00,REJEITADA,DADOS_INCOMPLETOS,2023-04-20 09:00:00,2023-04-20 19:00:00
163,294,80000,636,2026-03-26 08:17:00,REJEITADA,SCORE_ABAIXO_DA_POLITICA,2026-03-26 07:00:00,2026-03-26 17:00:00
164,127,100000,815,2024-02-29 14:04:00,APROVADA,,2024-02-29 13:00:00,2024-02-29 20:00:00
165,384,200000,525,2022-08-26 14:17:00,APROVADA,,2022-08-26 14:00:00,2022-08-26 15:00:00
166,467,150000,607,2021-09-22 13:54:00,REJEITADA,DADOS_INCOMPLETOS,2021-09-22 13:00:00,2021-09-22 18:00:00
167,195,75000,782,2025-10-18 22:19:00,APROVADA,,2025-10-18 21:00:00,2025-10-19 04:00:00
168,249,30000,850,2026-06-09 18:01:00,REJEITADA,DADOS_INCOMPLETOS,2026-06-09 17:00:00,2026-06-10 00:00:00
169,486,80000,749,2023-08-10 06:24:00,EM_ANALISE,,2023-08-10 06:00:00,
170,318,75000,698,2022-05-17 23:15:00,APROVADA,,2022-05-17 23:00:00,2022-05-18 10:00:00
171,491,80000,697,2021-12-19 01:43:00,APROVADA,,2021-12-19 01:00:00,2021-12-19 08:00:00
172,113,80000,694,2025-09-22 02:45:00,APROVADA,,2025-09-22 02:00:00,2025-09-22 07:00:00
173,112,40000,658,2021-08-11 22:34:00,APROVADA,,2021-08-11 22:00:00,2021-08-12 04:00:00
174,242,30000,742,2026-06-30 00:14:00,REJEITADA,DADOS_INCOMPLETOS,2026-06-30 00:00:00,2026-06-30 04:00:00
175,453,120000,707,2024-05-30 05:15:00,APROVADA,,2024-05-30 05:00:00,2024-05-30 12:00:00
176,188,80000,697,2025-12-28 17:49:00,APROVADA,,2025-12-28 17:00:00,2025-12-28 19:00:00
177,96,75000,844,2024-09-01 12:25:00,APROVADA,,2024-09-01 11:00:00,2024-09-01 17:00:00
178,95,150000,760,2025-10-13 11:55:00,APROVADA,,2025-10-13 11:00:00,2025-10-13 13:00:00
179,353,30000,591,2022-07-29 07:42:00,REJEITADA,DOCUMENTACAO_INCONSISTENTE,2022-07-29 07:00:00,2022-07-29 13:00:00
180,236,80000,691,2023-05-28 13:24:00,REJEITADA,DOCUMENTACAO_INCONSISTENTE,2023-05-28 12:00:00,2023-05-28 22:00:00
181,294,60000,755,2022-08-26 00:03:00,APROVADA,,2022-08-25 23:00:00,2022-08-26 08:00:00
182,17,60000,696,2025-09-13 06:06:00,APROVADA,,2025-09-13 05:00:00,2025-09-13 08:00:00
183,426,50000,708,2025-12-28 10:53:00,REJEITADA,SCORE_ABAIXO_DA_POLITICA,2025-12-28 10:00:00,2025-12-28 15:00:00
184,363,40000,672,2025-02-02 18:09:00,REJEITADA,SCORE_ABAIXO_DA_POLITICA,2025-02-02 17:00:00,2025-02-03 00:00:00
185,162,60000,600,2024-04-23 17:47:00,APROVADA,,2024-04-23 17:00:00,2024-04-24 04:00:00
186,61,120000,723,2023-09-20 17:57:00,REJEITADA,SCORE_ABAIXO_DA_POLITICA,2023-09-20 17:00:00,2023-09-20 21:00:00
187,484,30000,643,2025-07-11 11:57:00,EM_ANALISE,,2025-07-11 11:00:00,
188,185,150000,716,2025-11-18 18:08:00,APROVADA,,2025-11-18 17:00:00,2025-11-19 01:00:00
189,297,30000,739,2022-06-27 04:21:00,REJEITADA,DADOS_INCOMPLETOS,2022-06-27 03:00:00,2022-06-27 12:00:00
190,105,50000,620,2023-10-24 03:30:00,APROVADA,,2023-10-24 03:00:00,2023-10-24 06:00:00
191,140,60000,574,2024-09-06 10:04:00,REJEITADA,DOCUMENTACAO_INCONSISTENTE,2024-09-06 09:00:00,2024-09-06 16:00:00
192,365,60000,716,2024-11-24 10:07:00,APROVADA,,2024-11-24 10:00:00,2024-11-24 14:00:00
193,253,50000,754,2023-11-05 14:50:00,REJEITADA,SCORE_ABAIXO_DA_POLITICA,2023-11-05 14:00:00,2023-11-05 19:00:00
194,486,120000,720,2022-12-01 14:21:00,REJEITADA,DOCUMENTACAO_INCONSISTENTE,2022-12-01 13:00:00,2022-12-01 15:00:00
195,343,120000,632,2022-02-20 02:59:00,APROVADA,,2022-02-20 02:00:00,2022-02-20 13:00:00
196,163,30000,767,2024-04-22 07:27:00,APROVADA,,2024-04-22 07:00:00,2024-04-22 10:00:00
197,500,100000,720,2023-11-01 12:56:00,REJEITADA,SCORE_ABAIXO_DA_POLITICA,2023-11-01 12:00:00,2023-11-01 20:00:00
198,412,100000,595,2023-06-19 01:35:00,APROVADA,,2023-06-19 01:00:00,2023-06-19 10:00:00
199,409,150000,743,2022-05-22 10:41:00,APROVADA,,2022-05-22 10:00:00,2022-05-22 21:00:00
200,96,120000,748,2024-01-13 04:24:00,APROVADA,,2024-01-13 04:00:00,2024-01-13 08:00:00
201,127,150000,644,2023-05-05 16:58:00,APROVADA,,2023-05-05 16:00:00,2023-05-06 03:00:00
202,305,50000,589,2023-09-05 21:21:00,APROVADA,,2023-09-05 21:00:00,2023-09-06 05:00:00
203,447,40000,685,2022-03-10 08:42:00,APROVADA,,2022-03-10 08:00:00,2022-03-10 18:00:00
204,385,120000,630,2025-09-29 15:24:00,REJEITADA,SCORE_ABAIXO_DA_POLITICA,2025-09-29 14:00:00,2025-09-29 23:00:00
205,117,200000,723,2023-02-05 08:09:00,APROVADA,,2023-02-05 07:00:00,2023-02-05 14:00:00
206,168,40000,647,2025-02-21 00:40:00,APROVADA,,2025-02-21 00:00:00,2025-02-21 01:00:00
207,343,80000,585,2025-04-10 03:27:00,APROVADA,,2025-04-10 02:00:00,2025-04-10 06:00:00
208,416,30000,566,2023-02-21 16:06:00,APROVADA,,2023-02-21 16:00:00,2023-02-22 01:00:00
209,289,200000,632,2022-05-03 19:26:00,APROVADA,,2022-05-03 18:00:00,2022-05-03 23:00:00
210,348,75000,699,2021-02-20 00:34:00,APROVADA,,2021-02-20 00:00:00,2021-02-20 05:00:00
211,495,80000,716,2026-07-17 17:14:00,APROVADA,,2026-07-17 16:00:00,2026-07-17 17:00:00
212,129,75000,623,2024-10-05 20:25:00,REJEITADA,SCORE_ABAIXO_DA_POLITICA,2024-10-05 19:00:00,2024-10-06 04:00:00
213,253,120000,620,2026-07-28 13:56:00,REJEITADA,DADOS_INCOMPLETOS,2026-07-28 13:00:00,2026-07-28 22:00:00
214,195,200000,641,2025-07-02 19:56:00,REJEITADA,DADOS_INCOMPLETOS,2025-07-02 19:00:00,2025-07-03 01:00:00
215,72,75000,790,2025-10-11 04:08:00,REJEITADA,DOCUMENTACAO_INCONSISTENTE,2025-10-11 03:00:00,2025-10-11 14:00:00
216,274,120000,683,2022-05-26 13:25:00,REJEITADA,SCORE_ABAIXO_DA_POLITICA,2022-05-26 13:00:00,2022-05-26 23:00:00
217,476,80000,660,2024-03-21 15:20:00,REJEITADA,SCORE_ABAIXO_DA_POLITICA,2024-03-21 15:00:00,2024-03-21 18:00:00
218,466,120000,753,2025-01-25 23:34:00,APROVADA,,2025-01-25 23:00:00,2025-01-26 05:00:00
219,134,150000,833,2021-02-25 20:45:00,REJEITADA,DADOS_INCOMPLETOS,2021-02-25 20:00:00,2021-02-25 23:00:00
220,363,120000,657,2025-11-01 22:08:00,APROVADA,,2025-11-01 21:00:00,2025-11-02 01:00:00
221,181,75000,690,2023-11-15 18:26:00,APROVADA,,2023-11-15 18:00:00,2023-11-15 23:00:00
222,425,50000,729,2023-09-14 06:53:00,APROVADA,,2023-09-14 06:00:00,2023-09-14 10:00:00
223,197,60000,838,2026-07-19 11:05:00,APROVADA,,2026-07-19 11:00:00,2026-07-19 20:00:00
224,242,150000,642,2023-05-23 18:07:00,REJEITADA,DADOS_INCOMPLETOS,2023-05-23 18:00:00,2023-05-23 22:00:00
225,205,60000,710,2024-09-06 23:27:00,REJEITADA,DOCUMENTACAO_INCONSISTENTE,2024-09-06 22:00:00,2024-09-07 04:00:00
226,56,75000,743,2022-12-30 12:17:00,REJEITADA,DOCUMENTACAO_INCONSISTENTE,2022-12-30 11:00:00,2022-12-30 13:00:00
227,158,75000,630,2024-09-16 03:18:00,APROVADA,,2024-09-16 02:00:00,2024-09-16 12:00:00
228,385,200000,597,2023-12-12 16:32:00,APROVADA,,2023-12-12 16:00:00,2023-12-13 03:00:00
229,416,30000,729,2024-06-26 16:48:00,APROVADA,,2024-06-26 16:00:00,2024-06-26 19:00:00
230,388,80000,679,2021-11-11 03:02:00,REJEITADA,DADOS_INCOMPLETOS,2021-11-11 02:00:00,2021-11-11 11:00:00
231,350,50000,696,2023-05-02 00:26:00,APROVADA,,2023-05-02 00:00:00,2023-05-02 01:00:00
232,324,50000,724,2023-11-05 05:08:00,REJEITADA,SCORE_ABAIXO_DA_POLITICA,2023-11-05 04:00:00,2023-11-05 13:00:00
233,322,50000,758,2024-06-18 23:03:00,APROVADA,,2024-06-18 22:00:00,2024-06-19 07:00:00
234,325,30000,737,2024-03-02 05:39:00,APROVADA,,2024-03-02 05:00:00,2024-03-02 16:00:00
235,225,40000,850,2021-06-11 06:41:00,REJEITADA,DOCUMENTACAO_INCONSISTENTE,2021-06-11 06:00:00,2021-06-11 11:00:00
236,239,80000,805,2021-08-08 12:31:00,APROVADA,,2021-08-08 12:00:00,2021-08-08 13:00:00
237,362,60000,633,2022-07-10 04:13:00,APROVADA,,2022-07-10 03:00:00,2022-07-10 10:00:00
238,355,120000,564,2023-05-18 15:28:00,APROVADA,,2023-05-18 14:00:00,2023-05-18 19:00:00
239,148,100000,668,2023-06-21 18:29:00,REJEITADA,DADOS_INCOMPLETOS,2023-06-21 17:00:00,2023-06-21 21:00:00
240,447,100000,652,2024-10-31 21:10:00,APROVADA,,2024-10-31 20:00:00,2024-10-31 21:00:00
241,158,60000,719,2025-12-28 12:34:00,APROVADA,,2025-12-28 12:00:00,2025-12-28 21:00:00
242,54,75000,712,2022-08-04 13:11:00,APROVADA,,2022-08-04 12:00:00,2022-08-04 22:00:00
243,86,50000,723,2023-06-29 14:25:00,APROVADA,,2023-06-29 14:00:00,2023-06-29 17:00:00
244,84,30000,589,2024-12-18 11:21:00,APROVADA,,2024-12-18 10:00:00,2024-12-18 20:00:00
245,66,50000,622,2021-01-17 08:27:00,APROVADA,,2021-01-17 08:00:00,2021-01-17 19:00:00
246,105,100000,718,2022-06-12 03:39:00,APROVADA,,2022-06-12 03:00:00,2022-06-12 13:00:00
247,151,150000,598,2021-12-01 02:12:00,APROVADA,,2021-12-01 02:00:00,2021-12-01 04:00:00
248,151,200000,653,2021-01-04 03:11:00,APROVADA,,2021-01-04 03:00:00,2021-01-04 07:00:00
249,367,75000,579,2023-12-09 21:38:00,REJEITADA,DOCUMENTACAO_INCONSISTENTE,2023-12-09 21:00:00,2023-12-10 00:00:00
250,240,30000,752,2024-03-31 23:51:00,APROVADA,,2024-03-31 23:00:00,2024-04-01 09:00:00
251,139,100000,673,2021-10-20 20:06:00,APROVADA,,2021-10-20 20:00:00,2021-10-21 06:00:00
252,351,120000,701,2026-05-02 15:16:00,APROVADA,,2026-05-02 14:00:00,2026-05-02 18:00:00
253,289,40000,667,2022-01-30 10:14:00,REJEITADA,SCORE_ABAIXO_DA_POLITICA,2022-01-30 10:00:00,2022-01-30 16:00:00
254,345,100000,635,2023-02-07 13:29:00,REJEITADA,DADOS_INCOMPLETOS,2023-02-07 12:00:00,2023-02-07 19:00:00
255,183,80000,761,2025-08-08 03:28:00,REJEITADA,SCORE_ABAIXO_DA_POLITICA,2025-08-08 03:00:00,2025-08-08 08:00:00
256,442,60000,670,2023-03-23 04:37:00,APROVADA,,2023-03-23 04:00:00,2023-03-23 09:00:00
257,199,75000,617,2025-05-04 10:18:00,APROVADA,,2025-05-04 10:00:00,2025-05-04 13:00:00
258,244,50000,797,2026-03-08 02:15:00,APROVADA,,2026-03-08 01:00:00,2026-03-08 10:00:00
259,159,30000,677,2021-07-23 04:07:00,APROVADA,,2021-07-23 03:00:00,2021-07-23 14:00:00
260,333,30000,828,2023-11-12 16:11:00,APROVADA,,2023-11-12 16:00:00,2023-11-12 21:00:00
261,324,75000,754,2022-08-18 15:13:00,APROVADA,,2022-08-18 15:00:00,2022-08-18 21:00:00
262,396,40000,588,2022-01-16 19:56:00,APROVADA,,2022-01-16 19:00:00,2022-01-16 22:00:00
263,210,120000,690,2022-10-23 06:18:00,APROVADA,,2022-10-23 05:00:00,2022-10-23 07:00:00
264,259,200000,743,2023-05-23 08:14:00,REJEITADA,SCORE_ABAIXO_DA_POLITICA,2023-05-23 08:00:00,2023-05-23 09:00:00
265,394,200000,721,2024-05-01 04:23:00,APROVADA,,2024-05-01 04:00:00,2024-05-01 05:00:00
266,12,80000,613,2022-11-26 07:51:00,APROVADA,,2022-11-26 07:00:00,2022-11-26 09:00:00
267,396,30000,720,2022-12-08 08:14:00,APROVADA,,2022-12-08 08:00:00,2022-12-08 09:00:00
268,15,80000,653,2024-07-13 22:30:00,APROVADA,,2024-07-13 22:00:00,2024-07-14 00:00:00
269,125,50000,633,2021-06-06 15:05:00,APROVADA,,2021-06-06 15:00:00,2021-06-06 23:00:00
270,353,60000,635,2026-06-07 15:47:00,APROVADA,,2026-06-07 15:00:00,2026-06-07 16:00:00
271,32,60000,610,2022-04-26 01:05:00,APROVADA,,2022-04-26 00:00:00,2022-04-26 02:00:00
272,427,75000,642,2021-05-10 23:40:00,APROVADA,,2021-05-10 23:00:00,2021-05-11 10:00:00
273,82,60000,575,2021-06-15 20:26:00,APROVADA,,2021-06-15 20:00:00,2021-06-16 04:00:00
274,430,120000,611,2025-10-02 10:41:00,REJEITADA,DADOS_INCOMPLETOS,2025-10-02 10:00:00,2025-10-02 13:00:00
275,425,75000,654,2026-04-22 20:48:00,APROVADA,,2026-04-22 20:00:00,2026-04-22 23:00:00
276,148,40000,666,2023-10-13 19:19:00,APROVADA,,2023-10-13 19:00:00,2023-10-13 23:00:00
277,478,40000,666,2026-08-04 04:14:00,APROVADA,,2026-08-04 04:00:00,2026-08-04 15:00:00
278,244,50000,756,2024-01-29 15:20:00,APROVADA,,2024-01-29 15:00:00,2024-01-29 19:00:00
279,286,200000,610,2026-01-09 06:28:00,REJEITADA,SCORE_ABAIXO_DA_POLITICA,2026-01-09 05:00:00,2026-01-09 14:00:00
280,371,75000,705,2022-06-05 23:06:00,APROVADA,,2022-06-05 22:00:00,2022-06-06 06:00:00
281,72,80000,801,2026-01-30 09:15:00,REJEITADA,SCORE_ABAIXO_DA_POLITICA,2026-01-30 09:00:00,2026-01-30 16:00:00
282,388,60000,742,2021-09-12 01:30:00,REJEITADA,DADOS_INCOMPLETOS,2021-09-12 01:00:00,2021-09-12 06:00:00
283,315,75000,685,2025-08-12 21:40:00,APROVADA,,2025-08-12 21:00:00,2025-08-13 05:00:00
284,437,80000,659,2025-03-19 11:20:00,APROVADA,,2025-03-19 11:00:00,2025-03-19 14:00:00
285,284,120000,633,2023-01-22 02:17:00,REJEITADA,SCORE_ABAIXO_DA_POLITICA,2023-01-22 01:00:00,2023-01-22 08:00:00
286,165,150000,790,2023-07-09 16:24:00,APROVADA,,2023-07-09 15:00:00,2023-07-09 19:00:00
287,391,75000,615,2021-09-01 09:25:00,REJEITADA,DOCUMENTACAO_INCONSISTENTE,2021-09-01 09:00:00,2021-09-01 18:00:00
288,161,50000,706,2023-07-10 14:06:00,APROVADA,,2023-07-10 14:00:00,2023-07-10 16:00:00
289,131,200000,712,2024-11-26 19:27:00,APROVADA,,2024-11-26 19:00:00,2024-11-27 00:00:00
290,226,200000,714,2024-05-19 10:54:00,APROVADA,,2024-05-19 10:00:00,2024-05-19 12:00:00
291,277,80000,629,2024-08-23 11:13:00,APROVADA,,2024-08-23 10:00:00,2024-08-23 12:00:00
292,7,50000,621,2022-11-18 06:33:00,APROVADA,,2022-11-18 06:00:00,2022-11-18 15:00:00
293,89,80000,638,2026-03-08 07:28:00,APROVADA,,2026-03-08 07:00:00,2026-03-08 15:00:00
294,218,120000,641,2023-09-06 02:26:00,APROVADA,,2023-09-06 02:00:00,2023-09-06 11:00:00
295,102,60000,710,2022-03-26 04:05:00,APROVADA,,2022-03-26 04:00:00,2022-03-26 08:00:00
296,22,75000,725,2023-11-18 21:06:00,APROVADA,,2023-11-18 21:00:00,2023-11-19 01:00:00
297,154,200000,709,2022-09-19 07:41:00,REJEITADA,SCORE_ABAIXO_DA_POLITICA,2022-09-19 07:00:00,2022-09-19 16:00:00
298,23,80000,803,2026-02-20 11:57:00,REJEITADA,DOCUMENTACAO_INCONSISTENTE,2026-02-20 11:00:00,2026-02-20 20:00:00
299,116,120000,717,2023-10-23 08:06:00,APROVADA,,2023-10-23 08:00:00,2023-10-23 12:00:00
300,113,80000,641,2026-05-28 07:22:00,REJEITADA,DADOS_INCOMPLETOS,2026-05-28 07:00:00,2026-05-28 14:00:00
301,419,75000,655,2023-04-10 10:22:00,APROVADA,,2023-04-10 09:00:00,2023-04-10 20:00:00
302,500,120000,702,2023-09-10 14:29:00,REJEITADA,DOCUMENTACAO_INCONSISTENTE,2023-09-10 13:00:00,2023-09-10 20:00:00
303,315,80000,696,2023-05-27 03:59:00,APROVADA,,2023-05-27 03:00:00,2023-05-27 05:00:00
304,442,120000,678,2021-06-11 20:49:00,APROVADA,,2021-06-11 20:00:00,2021-06-12 04:00:00
305,487,30000,694,2023-12-21 19:54:00,APROVADA,,2023-12-21 19:00:00,2023-12-22 00:00:00
306,129,30000,732,2021-05-03 00:36:00,APROVADA,,2021-05-03 00:00:00,2021-05-03 08:00:00
307,212,80000,754,2022-05-28 11:22:00,APROVADA,,2022-05-28 11:00:00,2022-05-28 19:00:00
308,23,75000,769,2021-04-20 00:36:00,APROVADA,,2021-04-20 00:00:00,2021-04-20 10:00:00
309,32,80000,721,2022-03-02 16:04:00,REJEITADA,SCORE_ABAIXO_DA_POLITICA,2022-03-02 15:00:00,2022-03-02 20:00:00
310,218,50000,673,2024-08-02 01:01:00,APROVADA,,2024-08-02 00:00:00,2024-08-02 05:00:00
311,125,150000,628,2024-08-03 12:02:00,EM_ANALISE,,2024-08-03 11:00:00,
312,203,120000,651,2022-06-04 07:56:00,APROVADA,,2022-06-04 07:00:00,2022-06-04 16:00:00
313,236,100000,662,2026-07-14 22:10:00,REJEITADA,DOCUMENTACAO_INCONSISTENTE,2026-07-14 22:00:00,2026-07-15 00:00:00
314,417,75000,656,2024-12-04 08:58:00,REJEITADA,DADOS_INCOMPLETOS,2024-12-04 08:00:00,2024-12-04 10:00:00
315,437,30000,601,2021-10-02 05:19:00,APROVADA,,2021-10-02 04:00:00,2021-10-02 09:00:00
316,82,100000,722,2026-08-01 14:00:00,APROVADA,,2026-08-01 13:00:00,2026-08-01 23:00:00
317,318,150000,631,2021-08-29 02:54:00,APROVADA,,2021-08-29 02:00:00,2021-08-29 10:00:00
318,67,150000,785,2021-05-25 19:24:00,REJEITADA,SCORE_ABAIXO_DA_POLITICA,2021-05-25 19:00:00,2021-05-26 06:00:00
319,131,100000,641,2022-04-18 05:12:00,APROVADA,,2022-04-18 04:00:00,2022-04-18 05:00:00
320,194,60000,774,2024-12-04 05:43:00,APROVADA,,2024-12-04 05:00:00,2024-12-04 12:00:00
321,403,30000,744,2021-06-26 04:27:00,REJEITADA,DOCUMENTACAO_INCONSISTENTE,2021-06-26 04:00:00,2021-06-26 07:00:00
322,496,60000,765,2023-08-19 04:46:00,APROVADA,,2023-08-19 04:00:00,2023-08-19 05:00:00
323,371,150000,766,2022-03-24 13:15:00,APROVADA,,2022-03-24 13:00:00,2022-03-25 00:00:00
324,348,120000,644,2023-04-21 07:23:00,REJEITADA,DOCUMENTACAO_INCONSISTENTE,2023-04-21 06:00:00,2023-04-21 11:00:00
325,194,80000,679,2024-12-20 02:04:00,REJEITADA,SCORE_ABAIXO_DA_POLITICA,2024-12-20 01:00:00,2024-12-20 07:00:00
326,476,100000,796,2024-07-07 15:32:00,APROVADA,,2024-07-07 15:00:00,2024-07-08 00:00:00
327,304,120000,681,2023-11-10 13:12:00,REJEITADA,SCORE_ABAIXO_DA_POLITICA,2023-11-10 12:00:00,2023-11-10 13:00:00
328,212,150000,627,2022-02-06 14:09:00,APROVADA,,2022-02-06 14:00:00,2022-02-06 16:00:00
329,320,30000,768,2023-07-29 12:37:00,APROVADA,,2023-07-29 12:00:00,2023-07-29 22:00:00
330,177,200000,729,2023-08-12 13:00:00,REJEITADA,DOCUMENTACAO_INCONSISTENTE,2023-08-12 12:00:00,2023-08-12 22:00:00
331,70,150000,613,2022-08-04 12:07:00,APROVADA,,2022-08-04 12:00:00,2022-08-04 16:00:00
332,241,80000,695,2023-10-18 20:05:00,EM_ANALISE,,2023-10-18 19:00:00,
333,141,40000,609,2023-08-26 12:14:00,APROVADA,,2023-08-26 11:00:00,2023-08-26 20:00:00
334,220,75000,532,2021-03-28 12:55:00,APROVADA,,2021-03-28 12:00:00,2021-03-28 19:00:00
335,226,200000,850,2026-06-07 00:22:00,APROVADA,,2026-06-07 00:00:00,2026-06-07 04:00:00
336,54,40000,662,2026-01-13 23:08:00,APROVADA,,2026-01-13 22:00:00,2026-01-14 05:00:00
337,203,40000,733,2026-01-25 14:33:00,APROVADA,,2026-01-25 14:00:00,2026-01-25 15:00:00
338,390,150000,711,2024-04-24 13:07:00,APROVADA,,2024-04-24 12:00:00,2024-04-24 14:00:00
339,291,50000,540,2026-08-07 12:58:00,REJEITADA,DOCUMENTACAO_INCONSISTENTE,2026-08-07 12:00:00,2026-08-07 15:00:00
340,419,120000,690,2022-10-14 08:12:00,APROVADA,,2022-10-14 08:00:00,2022-10-14 09:00:00
341,320,200000,692,2022-12-07 18:13:00,APROVADA,,2022-12-07 18:00:00,2022-12-08 04:00:00
342,141,120000,693,2022-04-23 06:06:00,APROVADA,,2022-04-23 06:00:00,2022-04-23 16:00:00
343,426,120000,818,2026-04-01 19:11:00,APROVADA,,2026-04-01 19:00:00,2026-04-02 02:00:00
344,263,30000,600,2026-02-01 13:30:00,APROVADA,,2026-02-01 13:00:00,2026-02-01 20:00:00
345,58,30000,836,2024-02-04 07:07:00,REJEITADA,SCORE_ABAIXO_DA_POLITICA,2024-02-04 07:00:00,2024-02-04 18:00:00
346,220,200000,617,2021-07-28 16:24:00,APROVADA,,2021-07-28 15:00:00,2021-07-28 16:00:00
347,390,50000,706,2024-10-23 02:22:00,APROVADA,,2024-10-23 01:00:00,2024-10-23 02:00:00
348,228,40000,626,2025-07-22 21:19:00,REJEITADA,DADOS_INCOMPLETOS,2025-07-22 21:00:00,2025-07-23 08:00:00
349,210,150000,706,2025-04-20 10:31:00,REJEITADA,DADOS_INCOMPLETOS,2025-04-20 10:00:00,2025-04-20 13:00:00
350,58,100000,657,2021-05-21 17:08:00,REJEITADA,SCORE_ABAIXO_DA_POLITICA,2021-05-21 16:00:00,2021-05-22 00:00:00
351,114,60000,559,2026-05-07 13:01:00,REJEITADA,DOCUMENTACAO_INCONSISTENTE,2026-05-07 12:00:00,2026-05-07 15:00:00
352,403,100000,773,2024-01-16 22:54:00,REJEITADA,DADOS_INCOMPLETOS,2024-01-16 22:00:00,2024-01-17 00:00:00
353,190,80000,654,2023-09-02 19:29:00,APROVADA,,2023-09-02 18:00:00,2023-09-02 19:00:00
354,259,75000,594,2025-12-08 02:58:00,APROVADA,,2025-12-08 02:00:00,2025-12-08 08:00:00
355,430,120000,719,2021-12-14 11:01:00,REJEITADA,SCORE_ABAIXO_DA_POLITICA,2021-12-14 10:00:00,2021-12-14 11:00:00
356,263,60000,618,2023-12-07 18:47:00,APROVADA,,2023-12-07 18:00:00,2023-12-07 20:00:00
357,114,80000,659,2023-11-15 21:49:00,REJEITADA,SCORE_ABAIXO_DA_POLITICA,2023-11-15 21:00:00,2023-11-15 23:00:00
358,455,40000,721,2024-01-08 04:29:00,REJEITADA,DOCUMENTACAO_INCONSISTENTE,2024-01-08 04:00:00,2024-01-08 05:00:00
359,95,100000,695,2024-01-27 10:49:00,APROVADA,,2024-01-27 10:00:00,2024-01-27 12:00:00
360,177,120000,815,2025-05-15 17:23:00,APROVADA,,2025-05-15 16:00:00,2025-05-15 23:00:00
361,87,200000,645,2025-05-05 11:37:00,APROVADA,,2025-05-05 11:00:00,2025-05-05 18:00:00
362,308,40000,846,2025-11-29 18:16:00,APROVADA,,2025-11-29 18:00:00,2025-11-30 02:00:00
363,304,100000,693,2022-04-10 03:55:00,APROVADA,,2022-04-10 03:00:00,2022-04-10 06:00:00
364,87,80000,735,2021-01-05 17:11:00,APROVADA,,2021-01-05 16:00:00,2021-01-05 22:00:00
365,70,60000,697,2022-05-07 06:26:00,APROVADA,,2022-05-07 05:00:00,2022-05-07 12:00:00
366,362,50000,656,2021-10-11 03:51:00,APROVADA,,2021-10-11 03:00:00,2021-10-11 12:00:00
367,205,40000,827,2025-06-30 20:11:00,APROVADA,,2025-06-30 19:00:00,2025-07-01 00:00:00
368,81,60000,733,2025-07-08 19:26:00,APROVADA,,2025-07-08 19:00:00,2025-07-08 22:00:00
369,81,50000,692,2023-07-27 00:41:00,REJEITADA,SCORE_ABAIXO_DA_POLITICA,2023-07-27 00:00:00,2023-07-27 07:00:00
370,55,100000,653,2026-01-29 10:40:00,APROVADA,,2026-01-29 10:00:00,2026-01-29 15:00:00
371,367,150000,520,2021-02-11 03:33:00,REJEITADA,DOCUMENTACAO_INCONSISTENTE,2021-02-11 03:00:00,2021-02-11 11:00:00
372,165,60000,696,2023-12-19 06:05:00,APROVADA,,2023-12-19 05:00:00,2023-12-19 09:00:00
373,23,120000,662,2024-12-15 20:20:00,APROVADA,,2024-12-15 19:00:00,2024-12-16 00:00:00
374,106,40000,715,2026-06-11 15:32:00,APROVADA,,2026-06-11 15:00:00,2026-06-11 19:00:00
375,330,150000,723,2026-08-11 23:16:00,APROVADA,,2026-08-11 23:00:00,2026-08-12 02:00:00
376,10,30000,573,2024-08-21 02:15:00,REJEITADA,DADOS_INCOMPLETOS,2024-08-21 01:00:00,2024-08-21 07:00:00
377,450,150000,524,2022-05-03 16:17:00,APROVADA,,2022-05-03 15:00:00,2022-05-04 01:00:00
378,318,120000,835,2025-11-16 19:24:00,APROVADA,,2025-11-16 18:00:00,2025-11-16 21:00:00
379,164,40000,744,2025-05-10 04:26:00,APROVADA,,2025-05-10 04:00:00,2025-05-10 15:00:00
380,263,50000,809,2025-11-14 21:06:00,APROVADA,,2025-11-14 20:00:00,2025-11-15 07:00:00
381,9,75000,620,2023-01-05 00:05:00,REJEITADA,SCORE_ABAIXO_DA_POLITICA,2023-01-04 23:00:00,2023-01-05 08:00:00
382,223,75000,613,2021-02-08 17:12:00,APROVADA,,2021-02-08 16:00:00,2021-02-08 17:00:00
383,66,120000,806,2023-07-30 10:13:00,REJEITADA,DADOS_INCOMPLETOS,2023-07-30 09:00:00,2023-07-30 11:00:00
384,161,120000,685,2025-03-22 15:25:00,APROVADA,,2025-03-22 14:00:00,2025-03-22 20:00:00
385,296,60000,745,2021-08-23 05:45:00,APROVADA,,2021-08-23 05:00:00,2021-08-23 12:00:00
386,382,120000,713,2026-07-03 05:11:00,REJEITADA,SCORE_ABAIXO_DA_POLITICA,2026-07-03 05:00:00,2026-07-03 16:00:00
387,426,30000,583,2023-04-22 17:21:00,REJEITADA,DADOS_INCOMPLETOS,2023-04-22 17:00:00,2023-04-23 03:00:00
388,118,100000,585,2026-07-31 14:20:00,REJEITADA,DOCUMENTACAO_INCONSISTENTE,2026-07-31 13:00:00,2026-07-31 23:00:00
389,241,40000,729,2023-10-26 13:16:00,REJEITADA,SCORE_ABAIXO_DA_POLITICA,2023-10-26 12:00:00,2023-10-26 20:00:00
390,71,200000,658,2021-07-25 08:05:00,EM_ANALISE,,2021-07-25 08:00:00,
391,25,40000,714,2024-11-02 11:36:00,REJEITADA,DADOS_INCOMPLETOS,2024-11-02 11:00:00,2024-11-02 14:00:00
392,127,75000,609,2021-09-16 17:25:00,REJEITADA,SCORE_ABAIXO_DA_POLITICA,2021-09-16 17:00:00,2021-09-16 20:00:00
393,1,60000,632,2023-08-29 16:32:00,REJEITADA,SCORE_ABAIXO_DA_POLITICA,2023-08-29 16:00:00,2023-08-29 22:00:00
394,363,60000,850,2023-03-25 00:59:00,APROVADA,,2023-03-25 00:00:00,2023-03-25 08:00:00
395,5,150000,705,2022-07-17 21:48:00,REJEITADA,DOCUMENTACAO_INCONSISTENTE,2022-07-17 21:00:00,2022-07-18 06:00:00
396,106,80000,763,2021-03-18 15:45:00,APROVADA,,2021-03-18 15:00:00,2021-03-18 16:00:00
397,439,120000,628,2025-08-21 03:41:00,APROVADA,,2025-08-21 03:00:00,2025-08-21 08:00:00
398,154,30000,756,2025-08-11 22:59:00,APROVADA,,2025-08-11 22:00:00,2025-08-12 06:00:00
399,339,200000,746,2024-09-20 19:03:00,REJEITADA,DOCUMENTACAO_INCONSISTENTE,2024-09-20 18:00:00,2024-09-21 00:00:00
400,385,75000,707,2021-05-27 12:08:00,REJEITADA,DOCUMENTACAO_INCONSISTENTE,2021-05-27 12:00:00,2021-05-27 22:00:00
401,118,200000,722,2025-11-22 11:16:00,APROVADA,,2025-11-22 11:00:00,2025-11-22 20:00:00
402,67,75000,634,2026-06-28 20:33:00,APROVADA,,2026-06-28 20:00:00,2026-06-28 21:00:00
403,199,60000,528,2023-07-21 14:42:00,REJEITADA,DOCUMENTACAO_INCONSISTENTE,2023-07-21 14:00:00,2023-07-21 19:00:00
404,350,200000,591,2025-03-09 08:29:00,APROVADA,,2025-03-09 07:00:00,2025-03-09 17:00:00
405,53,150000,746,2026-06-19 04:20:00,REJEITADA,DOCUMENTACAO_INCONSISTENTE,2026-06-19 03:00:00,2026-06-19 09:00:00
406,405,50000,677,2022-10-25 14:00:00,APROVADA,,2022-10-25 13:00:00,2022-10-25 20:00:00
407,224,50000,750,2024-08-12 12:08:00,REJEITADA,SCORE_ABAIXO_DA_POLITICA,2024-08-12 12:00:00,2024-08-12 23:00:00
408,450,100000,748,2023-11-05 02:13:00,APROVADA,,2023-11-05 02:00:00,2023-11-05 09:00:00
409,239,50000,695,2022-02-05 04:43:00,APROVADA,,2022-02-05 04:00:00,2022-02-05 11:00:00
410,163,120000,637,2023-12-30 06:54:00,APROVADA,,2023-12-30 06:00:00,2023-12-30 14:00:00
411,34,40000,824,2024-11-14 05:01:00,APROVADA,,2024-11-14 04:00:00,2024-11-14 06:00:00
412,1,75000,712,2021-02-02 11:17:00,EM_ANALISE,,2021-02-02 11:00:00,
413,20,40000,710,2024-11-18 23:20:00,APROVADA,,2024-11-18 22:00:00,2024-11-19 01:00:00
414,101,150000,691,2025-09-28 13:46:00,APROVADA,,2025-09-28 13:00:00,2025-09-28 21:00:00
415,209,75000,628,2025-06-11 20:55:00,APROVADA,,2025-06-11 20:00:00,2025-06-12 06:00:00
416,226,100000,716,2021-11-16 06:08:00,APROVADA,,2021-11-16 06:00:00,2021-11-16 08:00:00
417,42,40000,749,2023-06-17 14:15:00,APROVADA,,2023-06-17 13:00:00,2023-06-17 18:00:00
418,196,50000,738,2025-11-29 16:51:00,APROVADA,,2025-11-29 16:00:00,2025-11-30 03:00:00
419,18,30000,698,2025-10-23 06:23:00,APROVADA,,2025-10-23 06:00:00,2025-10-23 14:00:00
420,205,30000,723,2021-09-29 16:32:00,REJEITADA,DADOS_INCOMPLETOS,2021-09-29 16:00:00,2021-09-30 01:00:00
421,388,60000,713,2026-08-06 07:34:00,APROVADA,,2026-08-06 07:00:00,2026-08-06 12:00:00
422,429,30000,507,2025-05-06 17:07:00,REJEITADA,DADOS_INCOMPLETOS,2025-05-06 17:00:00,2025-05-07 02:00:00
423,428,60000,701,2023-06-01 10:25:00,APROVADA,,2023-06-01 09:00:00,2023-06-01 17:00:00
424,119,120000,727,2023-12-13 22:13:00,APROVADA,,2023-12-13 21:00:00,2023-12-14 06:00:00
425,172,50000,753,2025-12-07 09:20:00,APROVADA,,2025-12-07 08:00:00,2025-12-07 10:00:00
426,251,40000,746,2023-05-28 10:35:00,APROVADA,,2023-05-28 10:00:00,2023-05-28 15:00:00
427,451,30000,831,2023-06-21 13:52:00,APROVADA,,2023-06-21 13:00:00,2023-06-21 16:00:00
428,29,40000,731,2023-11-05 08:43:00,APROVADA,,2023-11-05 08:00:00,2023-11-05 17:00:00
429,134,120000,604,2026-06-05 14:45:00,REJEITADA,SCORE_ABAIXO_DA_POLITICA,2026-06-05 14:00:00,2026-06-05 17:00:00
430,130,120000,640,2021-05-03 14:55:00,REJEITADA,DADOS_INCOMPLETOS,2021-05-03 14:00:00,2021-05-03 16:00:00
431,172,150000,850,2024-08-01 05:43:00,REJEITADA,DOCUMENTACAO_INCONSISTENTE,2024-08-01 05:00:00,2024-08-01 08:00:00
432,25,50000,753,2022-12-13 04:10:00,APROVADA,,2022-12-13 03:00:00,2022-12-13 11:00:00
433,228,50000,749,2025-05-17 08:09:00,APROVADA,,2025-05-17 08:00:00,2025-05-17 14:00:00
434,222,60000,622,2024-04-09 14:21:00,APROVADA,,2024-04-09 14:00:00,2024-04-10 00:00:00
435,125,60000,454,2023-12-23 01:20:00,REJEITADA,SCORE_ABAIXO_DA_POLITICA,2023-12-23 00:00:00,2023-12-23 06:00:00
436,238,200000,643,2023-05-01 16:19:00,REJEITADA,SCORE_ABAIXO_DA_POLITICA,2023-05-01 15:00:00,2023-05-01 21:00:00
437,432,200000,685,2023-10-30 12:14:00,APROVADA,,2023-10-30 11:00:00,2023-10-30 19:00:00
438,137,30000,764,2024-01-07 15:36:00,REJEITADA,DADOS_INCOMPLETOS,2024-01-07 15:00:00,2024-01-07 16:00:00
439,323,100000,624,2022-06-17 09:43:00,APROVADA,,2022-06-17 09:00:00,2022-06-17 10:00:00
440,395,75000,568,2021-06-03 11:07:00,APROVADA,,2021-06-03 11:00:00,2021-06-03 20:00:00
441,328,100000,756,2024-02-05 07:28:00,APROVADA,,2024-02-05 07:00:00,2024-02-05 18:00:00
442,199,150000,630,2026-06-06 23:06:00,REJEITADA,DADOS_INCOMPLETOS,2026-06-06 22:00:00,2026-06-07 00:00:00
443,69,75000,701,2024-11-04 10:34:00,APROVADA,,2024-11-04 10:00:00,2024-11-04 21:00:00
444,478,50000,619,2023-10-27 07:45:00,APROVADA,,2023-10-27 07:00:00,2023-10-27 09:00:00
445,340,120000,643,2025-09-24 13:15:00,APROVADA,,2025-09-24 13:00:00,2025-09-24 18:00:00
446,24,75000,577,2022-10-11 11:47:00,APROVADA,,2022-10-11 11:00:00,2022-10-11 20:00:00
447,365,75000,711,2024-05-04 11:06:00,APROVADA,,2024-05-04 10:00:00,2024-05-04 13:00:00
448,341,60000,743,2025-11-08 12:53:00,APROVADA,,2025-11-08 12:00:00,2025-11-08 23:00:00
449,111,80000,749,2022-04-30 17:52:00,APROVADA,,2022-04-30 17:00:00,2022-04-30 21:00:00
450,358,75000,733,2023-07-11 07:22:00,APROVADA,,2023-07-11 06:00:00,2023-07-11 14:00:00
451,148,40000,731,2023-04-05 20:24:00,REJEITADA,DOCUMENTACAO_INCONSISTENTE,2023-04-05 20:00:00,2023-04-06 06:00:00
452,93,50000,646,2024-05-01 02:30:00,REJEITADA,SCORE_ABAIXO_DA_POLITICA,2024-05-01 02:00:00,2024-05-01 06:00:00
453,339,30000,701,2025-08-22 21:57:00,APROVADA,,2025-08-22 21:00:00,2025-08-23 07:00:00
454,79,75000,708,2021-02-01 21:45:00,APROVADA,,2021-02-01 21:00:00,2021-02-02 02:00:00
455,137,60000,714,2023-03-21 01:28:00,REJEITADA,DADOS_INCOMPLETOS,2023-03-21 00:00:00,2023-03-21 02:00:00
456,374,50000,521,2025-05-09 00:10:00,REJEITADA,SCORE_ABAIXO_DA_POLITICA,2025-05-09 00:00:00,2025-05-09 02:00:00
457,432,200000,750,2021-06-27 03:15:00,REJEITADA,DADOS_INCOMPLETOS,2021-06-27 03:00:00,2021-06-27 04:00:00
458,276,80000,684,2022-07-26 19:34:00,APROVADA,,2022-07-26 19:00:00,2022-07-27 06:00:00
459,388,200000,611,2025-10-29 15:43:00,APROVADA,,2025-10-29 15:00:00,2025-10-29 17:00:00
460,103,100000,727,2023-06-27 23:20:00,APROVADA,,2023-06-27 22:00:00,2023-06-28 04:00:00
461,348,120000,754,2022-05-14 14:47:00,APROVADA,,2022-05-14 14:00:00,2022-05-14 20:00:00
462,288,60000,850,2024-10-26 07:42:00,APROVADA,,2024-10-26 07:00:00,2024-10-26 18:00:00
463,299,60000,615,2025-04-08 14:19:00,REJEITADA,DADOS_INCOMPLETOS,2025-04-08 14:00:00,2025-04-09 00:00:00
464,55,150000,491,2021-08-10 16:41:00,APROVADA,,2021-08-10 16:00:00,2021-08-10 21:00:00
465,237,50000,743,2023-06-26 12:50:00,APROVADA,,2023-06-26 12:00:00,2023-06-26 13:00:00
466,111,100000,663,2026-07-17 12:54:00,APROVADA,,2026-07-17 12:00:00,2026-07-17 22:00:00
467,317,40000,695,2022-08-15 21:56:00,REJEITADA,DOCUMENTACAO_INCONSISTENTE,2022-08-15 21:00:00,2022-08-16 04:00:00
468,171,40000,733,2025-12-08 12:41:00,APROVADA,,2025-12-08 12:00:00,2025-12-08 21:00:00
469,61,30000,775,2022-03-26 11:18:00,APROVADA,,2022-03-26 11:00:00,2022-03-26 16:00:00
470,33,120000,723,2025-07-29 08:17:00,REJEITADA,SCORE_ABAIXO_DA_POLITICA,2025-07-29 08:00:00,2025-07-29 13:00:00
471,495,40000,730,2023-03-10 15:18:00,REJEITADA,DADOS_INCOMPLETOS,2023-03-10 15:00:00,2023-03-10 21:00:00
472,96,50000,838,2022-12-01 20:57:00,REJEITADA,DADOS_INCOMPLETOS,2022-12-01 20:00:00,2022-12-02 00:00:00
473,265,100000,660,2025-04-03 21:17:00,APROVADA,,2025-04-03 20:00:00,2025-04-04 02:00:00
474,316,120000,831,2024-08-17 04:20:00,REJEITADA,DADOS_INCOMPLETOS,2024-08-17 03:00:00,2024-08-17 09:00:00
475,94,60000,639,2023-03-29 20:31:00,REJEITADA,SCORE_ABAIXO_DA_POLITICA,2023-03-29 20:00:00,2023-03-30 07:00:00
476,266,30000,656,2024-02-11 19:11:00,REJEITADA,DADOS_INCOMPLETOS,2024-02-11 19:00:00,2024-02-12 03:00:00
477,346,50000,543,2024-04-04 05:58:00,REJEITADA,DOCUMENTACAO_INCONSISTENTE,2024-04-04 05:00:00,2024-04-04 12:00:00
478,114,75000,538,2026-04-08 05:08:00,APROVADA,,2026-04-08 05:00:00,2026-04-08 15:00:00
479,337,40000,704,2025-01-05 05:58:00,APROVADA,,2025-01-05 05:00:00,2025-01-05 12:00:00
480,122,60000,755,2022-03-10 05:37:00,APROVADA,,2022-03-10 05:00:00,2022-03-10 06:00:00
481,291,100000,691,2021-03-05 15:16:00,APROVADA,,2021-03-05 14:00:00,2021-03-05 16:00:00
482,159,200000,672,2024-11-11 20:58:00,APROVADA,,2024-11-11 20:00:00,2024-11-12 03:00:00
483,257,150000,650,2022-03-03 19:07:00,REJEITADA,DOCUMENTACAO_INCONSISTENTE,2022-03-03 18:00:00,2022-03-03 21:00:00
484,326,40000,728,2022-09-30 19:39:00,APROVADA,,2022-09-30 19:00:00,2022-10-01 02:00:00
485,317,50000,850,2024-02-10 05:16:00,APROVADA,,2024-02-10 04:00:00,2024-02-10 15:00:00
486,172,120000,588,2025-10-19 06:49:00,APROVADA,,2025-10-19 06:00:00,2025-10-19 10:00:00
487,112,200000,733,2026-02-23 04:58:00,APROVADA,,2026-02-23 04:00:00,2026-02-23 10:00:00
488,170,100000,710,2022-03-24 12:35:00,APROVADA,,2022-03-24 12:00:00,2022-03-24 23:00:00
489,22,100000,706,2024-09-02 10:43:00,REJEITADA,DOCUMENTACAO_INCONSISTENTE,2024-09-02 10:00:00,2024-09-02 19:00:00
490,202,100000,579,2022-02-20 06:16:00,REJEITADA,DADOS_INCOMPLETOS,2022-02-20 05:00:00,2022-02-20 14:00:00
491,99,150000,736,2021-05-12 06:38:00,APROVADA,,2021-05-12 06:00:00,2021-05-12 12:00:00
492,480,200000,533,2023-06-16 14:06:00,REJEITADA,DADOS_INCOMPLETOS,2023-06-16 14:00:00,2023-06-16 21:00:00
493,162,100000,783,2024-07-25 07:37:00,APROVADA,,2024-07-25 07:00:00,2024-07-25 16:00:00
494,297,40000,631,2023-11-25 00:38:00,APROVADA,,2023-11-25 00:00:00,2023-11-25 01:00:00
495,391,100000,779,2023-12-12 07:40:00,REJEITADA,DOCUMENTACAO_INCONSISTENTE,2023-12-12 07:00:00,2023-12-12 10:00:00
496,281,120000,762,2025-12-19 22:11:00,APROVADA,,2025-12-19 22:00:00,2025-12-20 00:00:00
497,159,75000,583,2024-02-13 09:15:00,APROVADA,,2024-02-13 09:00:00,2024-02-13 12:00:00
498,405,40000,802,2025-08-30 23:32:00,APROVADA,,2025-08-30 23:00:00,2025-08-31 09:00:00
499,211,120000,730,2023-09-30 13:41:00,APROVADA,,2023-09-30 13:00:00,2023-09-30 15:00:00
500,29,80000,564,2024-02-01 16:07:00,APROVADA,,2024-02-01 16:00:00,2024-02-01 23:00:00
501,85,200000,670,2025-01-25 03:38:00,REJEITADA,SCORE_ABAIXO_DA_POLITICA,2025-01-25 03:00:00,2025-01-25 07:00:00
502,257,30000,716,2026-07-05 14:32:00,APROVADA,,2026-07-05 14:00:00,2026-07-05 18:00:00
503,189,60000,627,2022-08-27 09:07:00,APROVADA,,2022-08-27 09:00:00,2022-08-27 16:00:00
504,493,60000,696,2024-06-11 05:26:00,APROVADA,,2024-06-11 05:00:00,2024-06-11 11:00:00
505,458,40000,640,2025-01-10 20:28:00,APROVADA,,2025-01-10 20:00:00,2025-01-11 00:00:00
506,26,30000,699,2025-10-24 22:17:00,APROVADA,,2025-10-24 22:00:00,2025-10-25 03:00:00
507,375,50000,715,2026-04-06 20:08:00,REJEITADA,DOCUMENTACAO_INCONSISTENTE,2026-04-06 19:00:00,2026-04-06 23:00:00
508,226,200000,656,2023-01-17 02:11:00,REJEITADA,DOCUMENTACAO_INCONSISTENTE,2023-01-17 02:00:00,2023-01-17 10:00:00
509,304,150000,636,2025-08-25 23:54:00,APROVADA,,2025-08-25 23:00:00,2025-08-26 07:00:00
510,12,120000,582,2025-12-04 15:01:00,APROVADA,,2025-12-04 14:00:00,2025-12-05 00:00:00
511,412,80000,652,2022-08-14 14:13:00,APROVADA,,2022-08-14 13:00:00,2022-08-14 18:00:00
512,307,60000,639,2025-03-19 18:51:00,REJEITADA,DOCUMENTACAO_INCONSISTENTE,2025-03-19 18:00:00,2025-03-19 20:00:00
513,301,200000,693,2025-07-25 18:51:00,APROVADA,,2025-07-25 18:00:00,2025-07-25 19:00:00
514,280,75000,637,2022-09-22 03:09:00,APROVADA,,2022-09-22 02:00:00,2022-09-22 09:00:00
515,21,40000,721,2024-08-14 11:17:00,REJEITADA,SCORE_ABAIXO_DA_POLITICA,2024-08-14 10:00:00,2024-08-14 12:00:00
516,150,100000,584,2026-03-22 04:22:00,REJEITADA,SCORE_ABAIXO_DA_POLITICA,2026-03-22 04:00:00,2026-03-22 15:00:00
517,251,50000,619,2023-12-13 02:12:00,REJEITADA,SCORE_ABAIXO_DA_POLITICA,2023-12-13 01:00:00,2023-12-13 09:00:00
518,311,80000,772,2021-03-20 13:44:00,APROVADA,,2021-03-20 13:00:00,2021-03-20 17:00:00
519,162,150000,493,2025-09-08 01:13:00,REJEITADA,DOCUMENTACAO_INCONSISTENTE,2025-09-08 01:00:00,2025-09-08 05:00:00
520,26,30000,777,2024-09-11 03:57:00,APROVADA,,2024-09-11 03:00:00,2024-09-11 05:00:00
521,32,75000,579,2022-12-28 01:28:00,APROVADA,,2022-12-28 00:00:00,2022-12-28 04:00:00
522,40,200000,605,2022-09-11 23:16:00,APROVADA,,2022-09-11 23:00:00,2022-09-12 09:00:00
523,208,60000,530,2024-06-09 15:06:00,REJEITADA,DOCUMENTACAO_INCONSISTENTE,2024-06-09 15:00:00,2024-06-09 18:00:00
524,63,100000,689,2025-12-13 08:22:00,REJEITADA,DOCUMENTACAO_INCONSISTENTE,2025-12-13 07:00:00,2025-12-13 18:00:00
525,24,150000,635,2025-03-04 04:55:00,APROVADA,,2025-03-04 04:00:00,2025-03-04 05:00:00
526,9,80000,660,2023-10-31 23:23:00,APROVADA,,2023-10-31 23:00:00,2023-11-01 06:00:00
527,2,60000,616,2022-05-17 17:12:00,APROVADA,,2022-05-17 16:00:00,2022-05-17 17:00:00
528,365,150000,531,2023-12-24 10:38:00,APROVADA,,2023-12-24 10:00:00,2023-12-24 13:00:00
529,341,40000,686,2025-03-04 02:33:00,REJEITADA,DOCUMENTACAO_INCONSISTENTE,2025-03-04 02:00:00,2025-03-04 10:00:00
530,222,120000,721,2022-07-05 08:29:00,APROVADA,,2022-07-05 08:00:00,2022-07-05 17:00:00
531,347,40000,616,2021-12-19 20:55:00,APROVADA,,2021-12-19 20:00:00,2021-12-20 04:00:00
532,10,60000,787,2026-07-10 01:16:00,APROVADA,,2026-07-10 01:00:00,2026-07-10 12:00:00
533,450,50000,842,2023-07-14 20:35:00,REJEITADA,SCORE_ABAIXO_DA_POLITICA,2023-07-14 20:00:00,2023-07-15 01:00:00
534,289,60000,728,2023-07-09 05:30:00,APROVADA,,2023-07-09 05:00:00,2023-07-09 06:00:00
535,62,60000,613,2023-10-14 02:10:00,APROVADA,,2023-10-14 02:00:00,2023-10-14 09:00:00
536,215,75000,679,2023-09-13 20:09:00,APROVADA,,2023-09-13 19:00:00,2023-09-13 23:00:00
537,97,200000,670,2021-07-07 05:05:00,APROVADA,,2021-07-07 05:00:00,2021-07-07 14:00:00
538,164,120000,690,2023-04-11 19:26:00,APROVADA,,2023-04-11 18:00:00,2023-04-11 23:00:00
539,54,100000,675,2024-12-14 10:13:00,APROVADA,,2024-12-14 10:00:00,2024-12-14 17:00:00
540,55,50000,583,2022-09-20 21:35:00,REJEITADA,SCORE_ABAIXO_DA_POLITICA,2022-09-20 21:00:00,2022-09-21 03:00:00
541,209,40000,725,2022-02-17 13:13:00,APROVADA,,2022-02-17 13:00:00,2022-02-17 21:00:00
542,32,30000,690,2023-03-10 06:36:00,REJEITADA,DOCUMENTACAO_INCONSISTENTE,2023-03-10 06:00:00,2023-03-10 17:00:00
543,302,150000,721,2022-12-23 10:56:00,REJEITADA,DADOS_INCOMPLETOS,2022-12-23 10:00:00,2022-12-23 14:00:00
544,293,150000,474,2023-04-03 03:12:00,APROVADA,,2023-04-03 03:00:00,2023-04-03 13:00:00
545,366,150000,698,2022-11-04 21:49:00,APROVADA,,2022-11-04 21:00:00,2022-11-05 03:00:00
546,479,80000,812,2024-09-09 22:10:00,APROVADA,,2024-09-09 21:00:00,2024-09-10 07:00:00
547,493,80000,739,2025-03-31 22:43:00,APROVADA,,2025-03-31 22:00:00,2025-04-01 05:00:00
548,366,60000,531,2025-04-10 22:14:00,APROVADA,,2025-04-10 22:00:00,2025-04-11 02:00:00
549,475,40000,703,2022-02-14 19:03:00,APROVADA,,2022-02-14 18:00:00,2022-02-15 04:00:00
550,154,120000,766,2023-10-29 14:20:00,REJEITADA,SCORE_ABAIXO_DA_POLITICA,2023-10-29 14:00:00,2023-10-29 19:00:00
551,335,200000,618,2026-04-16 18:06:00,APROVADA,,2026-04-16 18:00:00,2026-04-17 01:00:00
552,159,30000,794,2022-06-22 20:42:00,APROVADA,,2022-06-22 20:00:00,2022-06-23 05:00:00
553,363,40000,685,2023-12-20 08:28:00,EM_ANALISE,,2023-12-20 08:00:00,
554,7,200000,707,2024-04-16 07:07:00,APROVADA,,2024-04-16 07:00:00,2024-04-16 10:00:00
555,498,60000,698,2022-05-31 00:11:00,APROVADA,,2022-05-30 23:00:00,2022-05-31 01:00:00
556,199,30000,732,2024-01-13 00:55:00,APROVADA,,2024-01-13 00:00:00,2024-01-13 11:00:00
557,248,100000,602,2021-06-27 20:22:00,APROVADA,,2021-06-27 19:00:00,2021-06-27 23:00:00
558,73,200000,619,2023-12-30 03:45:00,APROVADA,,2023-12-30 03:00:00,2023-12-30 10:00:00
559,74,120000,579,2022-12-06 14:42:00,APROVADA,,2022-12-06 14:00:00,2022-12-06 19:00:00
560,81,50000,745,2023-04-10 09:16:00,REJEITADA,DOCUMENTACAO_INCONSISTENTE,2023-04-10 08:00:00,2023-04-10 11:00:00
561,415,150000,631,2022-04-30 06:11:00,REJEITADA,DADOS_INCOMPLETOS,2022-04-30 06:00:00,2022-04-30 14:00:00
562,292,60000,541,2025-10-07 07:35:00,REJEITADA,SCORE_ABAIXO_DA_POLITICA,2025-10-07 07:00:00,2025-10-07 09:00:00
563,334,75000,693,2025-04-14 05:12:00,REJEITADA,DOCUMENTACAO_INCONSISTENTE,2025-04-14 04:00:00,2025-04-14 11:00:00
564,326,50000,571,2025-05-17 21:29:00,APROVADA,,2025-05-17 21:00:00,2025-05-18 08:00:00
565,326,150000,672,2023-01-16 07:20:00,APROVADA,,2023-01-16 06:00:00,2023-01-16 16:00:00
566,72,75000,753,2025-06-20 21:29:00,APROVADA,,2025-06-20 21:00:00,2025-06-21 07:00:00
567,195,150000,769,2025-05-27 01:40:00,APROVADA,,2025-05-27 01:00:00,2025-05-27 07:00:00
568,499,80000,714,2025-08-15 01:21:00,REJEITADA,DADOS_INCOMPLETOS,2025-08-15 00:00:00,2025-08-15 04:00:00
569,128,40000,800,2025-02-17 17:25:00,APROVADA,,2025-02-17 17:00:00,2025-02-17 20:00:00
570,404,120000,596,2024-11-29 22:27:00,APROVADA,,2024-11-29 21:00:00,2024-11-29 22:00:00
571,390,40000,727,2024-09-18 02:08:00,REJEITADA,SCORE_ABAIXO_DA_POLITICA,2024-09-18 02:00:00,2024-09-18 05:00:00
572,281,150000,539,2023-06-17 09:27:00,APROVADA,,2023-06-17 09:00:00,2023-06-17 20:00:00
573,309,60000,773,2023-04-24 07:55:00,REJEITADA,SCORE_ABAIXO_DA_POLITICA,2023-04-24 07:00:00,2023-04-24 08:00:00
574,259,50000,699,2024-10-29 06:55:00,APROVADA,,2024-10-29 06:00:00,2024-10-29 08:00:00
575,277,80000,718,2023-03-16 18:22:00,APROVADA,,2023-03-16 17:00:00,2023-03-16 21:00:00
576,252,50000,718,2025-08-05 22:26:00,APROVADA,,2025-08-05 21:00:00,2025-08-06 04:00:00
577,95,50000,726,2024-12-07 18:02:00,REJEITADA,DADOS_INCOMPLETOS,2024-12-07 17:00:00,2024-12-07 23:00:00
578,74,200000,799,2021-04-01 09:01:00,REJEITADA,DADOS_INCOMPLETOS,2021-04-01 08:00:00,2021-04-01 09:00:00
579,4,40000,632,2026-03-07 22:31:00,REJEITADA,DADOS_INCOMPLETOS,2026-03-07 22:00:00,2026-03-08 06:00:00
580,464,30000,825,2021-10-28 15:13:00,REJEITADA,DADOS_INCOMPLETOS,2021-10-28 14:00:00,2021-10-28 18:00:00
581,214,50000,616,2023-01-24 17:59:00,APROVADA,,2023-01-24 17:00:00,2023-01-24 19:00:00
582,24,40000,688,2026-04-20 18:07:00,REJEITADA,SCORE_ABAIXO_DA_POLITICA,2026-04-20 18:00:00,2026-04-21 04:00:00
583,1,200000,709,2025-02-23 07:15:00,REJEITADA,DADOS_INCOMPLETOS,2025-02-23 06:00:00,2025-02-23 10:00:00
584,368,75000,691,2024-01-07 15:35:00,APROVADA,,2024-01-07 15:00:00,2024-01-07 21:00:00
585,374,200000,731,2026-01-09 04:45:00,APROVADA,,2026-01-09 04:00:00,2026-01-09 15:00:00
586,10,40000,816,2024-08-17 10:46:00,REJEITADA,DADOS_INCOMPLETOS,2024-08-17 10:00:00,2024-08-17 12:00:00
587,21,120000,713,2021-08-06 19:14:00,REJEITADA,SCORE_ABAIXO_DA_POLITICA,2021-08-06 18:00:00,2021-08-07 03:00:00
588,232,80000,538,2021-10-17 22:27:00,REJEITADA,DADOS_INCOMPLETOS,2021-10-17 22:00:00,2021-10-17 23:00:00
589,303,50000,727,2026-04-21 18:38:00,APROVADA,,2026-04-21 18:00:00,2026-04-22 05:00:00
590,105,80000,627,2021-07-18 10:08:00,APROVADA,,2021-07-18 10:00:00,2021-07-18 17:00:00
591,198,60000,685,2022-12-20 22:34:00,REJEITADA,DOCUMENTACAO_INCONSISTENTE,2022-12-20 22:00:00,2022-12-21 08:00:00
592,410,75000,834,2021-10-21 15:12:00,APROVADA,,2021-10-21 15:00:00,2021-10-22 02:00:00
593,332,150000,826,2025-12-21 05:54:00,APROVADA,,2025-12-21 05:00:00,2025-12-21 09:00:00
594,458,60000,713,2026-05-31 08:20:00,APROVADA,,2026-05-31 07:00:00,2026-05-31 17:00:00
595,86,100000,689,2024-07-26 12:44:00,REJEITADA,SCORE_ABAIXO_DA_POLITICA,2024-07-26 12:00:00,2024-07-26 18:00:00
596,182,75000,764,2021-03-05 05:22:00,APROVADA,,2021-03-05 04:00:00,2021-03-05 09:00:00
597,228,80000,718,2021-07-27 16:28:00,APROVADA,,2021-07-27 15:00:00,2021-07-27 19:00:00
598,56,100000,620,2022-02-23 23:09:00,APROVADA,,2022-02-23 23:00:00,2022-02-24 01:00:00
599,310,75000,568,2024-03-14 15:48:00,REJEITADA,SCORE_ABAIXO_DA_POLITICA,2024-03-14 15:00:00,2024-03-14 19:00:00
600,427,60000,778,2026-02-20 22:49:00,APROVADA,,2026-02-20 22:00:00,2026-02-21 04:00:00
601,421,150000,590,2025-07-28 12:37:00,REJEITADA,DADOS_INCOMPLETOS,2025-07-28 12:00:00,2025-07-28 17:00:00
602,149,75000,692,2022-03-25 15:15:00,REJEITADA,DADOS_INCOMPLETOS,2022-03-25 14:00:00,2022-03-25 22:00:00
603,275,75000,649,2021-01-31 14:38:00,APROVADA,,2021-01-31 14:00:00,2021-01-31 21:00:00
604,28,100000,735,2026-06-15 17:09:00,APROVADA,,2026-06-15 17:00:00,2026-06-16 03:00:00
605,144,60000,600,2026-06-17 01:51:00,REJEITADA,DADOS_INCOMPLETOS,2026-06-17 01:00:00,2026-06-17 05:00:00
606,440,80000,638,2025-11-19 07:22:00,APROVADA,,2025-11-19 07:00:00,2025-11-19 11:00:00
607,130,60000,576,2026-03-21 06:35:00,APROVADA,,2026-03-21 06:00:00,2026-03-21 17:00:00
608,467,100000,639,2025-03-30 05:47:00,APROVADA,,2025-03-30 05:00:00,2025-03-30 13:00:00
609,285,40000,726,2025-12-08 02:06:00,APROVADA,,2025-12-08 01:00:00,2025-12-08 05:00:00
610,432,30000,777,2025-10-07 07:28:00,REJEITADA,SCORE_ABAIXO_DA_POLITICA,2025-10-07 07:00:00,2025-10-07 10:00:00
611,426,75000,702,2025-01-21 18:37:00,APROVADA,,2025-01-21 18:00:00,2025-01-22 02:00:00
612,477,120000,612,2025-01-09 17:10:00,APROVADA,,2025-01-09 17:00:00,2025-01-09 18:00:00
613,148,200000,736,2024-03-23 11:37:00,REJEITADA,DADOS_INCOMPLETOS,2024-03-23 11:00:00,2024-03-23 15:00:00
614,293,200000,679,2024-03-24 00:54:00,REJEITADA,DADOS_INCOMPLETOS,2024-03-24 00:00:00,2024-03-24 01:00:00
615,207,80000,717,2022-01-05 13:57:00,APROVADA,,2022-01-05 13:00:00,2022-01-05 19:00:00
616,145,200000,725,2026-01-14 10:29:00,APROVADA,,2026-01-14 10:00:00,2026-01-14 11:00:00
617,29,80000,737,2023-09-03 14:10:00,APROVADA,,2023-09-03 14:00:00,2023-09-03 19:00:00
618,227,50000,650,2024-12-28 18:54:00,REJEITADA,DOCUMENTACAO_INCONSISTENTE,2024-12-28 18:00:00,2024-12-28 21:00:00
619,76,150000,833,2023-06-22 03:00:00,APROVADA,,2023-06-22 02:00:00,2023-06-22 09:00:00
620,222,80000,513,2022-07-23 07:12:00,APROVADA,,2022-07-23 07:00:00,2022-07-23 15:00:00
621,440,120000,716,2024-05-30 08:47:00,APROVADA,,2024-05-30 08:00:00,2024-05-30 16:00:00
622,152,120000,653,2022-05-04 10:13:00,APROVADA,,2022-05-04 10:00:00,2022-05-04 12:00:00
623,429,100000,695,2021-08-21 10:43:00,REJEITADA,DADOS_INCOMPLETOS,2021-08-21 10:00:00,2021-08-21 11:00:00
624,91,60000,721,2024-02-28 04:59:00,REJEITADA,SCORE_ABAIXO_DA_POLITICA,2024-02-28 04:00:00,2024-02-28 09:00:00
625,134,50000,574,2024-06-30 20:06:00,APROVADA,,2024-06-30 19:00:00,2024-07-01 06:00:00
626,218,200000,796,2022-07-29 05:05:00,APROVADA,,2022-07-29 04:00:00,2022-07-29 14:00:00
627,95,50000,738,2023-01-09 09:09:00,REJEITADA,DOCUMENTACAO_INCONSISTENTE,2023-01-09 08:00:00,2023-01-09 17:00:00
628,80,120000,724,2021-10-01 18:25:00,APROVADA,,2021-10-01 18:00:00,2021-10-01 22:00:00
629,265,30000,735,2021-09-15 04:16:00,APROVADA,,2021-09-15 03:00:00,2021-09-15 06:00:00
630,300,100000,603,2026-01-03 08:34:00,APROVADA,,2026-01-03 08:00:00,2026-01-03 15:00:00
631,435,100000,699,2024-11-04 08:36:00,REJEITADA,DADOS_INCOMPLETOS,2024-11-04 08:00:00,2024-11-04 15:00:00
632,83,50000,815,2026-07-18 14:11:00,REJEITADA,DOCUMENTACAO_INCONSISTENTE,2026-07-18 13:00:00,2026-07-18 19:00:00
633,187,120000,743,2025-11-05 04:32:00,APROVADA,,2025-11-05 04:00:00,2025-11-05 11:00:00
634,380,40000,677,2021-05-24 15:11:00,REJEITADA,SCORE_ABAIXO_DA_POLITICA,2021-05-24 15:00:00,2021-05-24 22:00:00
635,43,80000,589,2021-08-05 06:05:00,REJEITADA,SCORE_ABAIXO_DA_POLITICA,2021-08-05 05:00:00,2021-08-05 09:00:00
636,88,200000,590,2021-09-11 15:01:00,APROVADA,,2021-09-11 14:00:00,2021-09-11 18:00:00
637,412,150000,680,2021-04-01 02:54:00,APROVADA,,2021-04-01 02:00:00,2021-04-01 03:00:00
638,45,200000,572,2023-04-30 19:17:00,APROVADA,,2023-04-30 19:00:00,2023-05-01 02:00:00
639,309,150000,654,2024-01-18 18:58:00,REJEITADA,DADOS_INCOMPLETOS,2024-01-18 18:00:00,2024-01-19 02:00:00
640,53,80000,802,2023-04-04 04:21:00,APROVADA,,2023-04-04 04:00:00,2023-04-04 14:00:00
641,488,120000,647,2021-07-25 17:52:00,APROVADA,,2021-07-25 17:00:00,2021-07-26 01:00:00
642,445,120000,702,2026-08-07 19:48:00,APROVADA,,2026-08-07 19:00:00,2026-08-08 05:00:00
643,207,50000,714,2026-02-01 08:10:00,REJEITADA,SCORE_ABAIXO_DA_POLITICA,2026-02-01 07:00:00,2026-02-01 15:00:00
644,384,40000,816,2026-01-11 19:28:00,APROVADA,,2026-01-11 18:00:00,2026-01-12 05:00:00
645,335,40000,595,2021-05-14 21:21:00,REJEITADA,DADOS_INCOMPLETOS,2021-05-14 21:00:00,2021-05-15 07:00:00
646,394,60000,759,2022-09-22 21:14:00,APROVADA,,2022-09-22 21:00:00,2022-09-23 05:00:00
647,468,200000,747,2026-05-10 09:52:00,APROVADA,,2026-05-10 09:00:00,2026-05-10 18:00:00
648,192,60000,725,2022-08-23 19:25:00,APROVADA,,2022-08-23 18:00:00,2022-08-24 03:00:00
649,113,75000,563,2021-10-20 17:18:00,APROVADA,,2021-10-20 17:00:00,2021-10-21 01:00:00
650,41,60000,763,2022-05-22 21:46:00,APROVADA,,2022-05-22 21:00:00,2022-05-23 06:00:00
651,343,60000,540,2023-04-28 22:39:00,APROVADA,,2023-04-28 22:00:00,2023-04-29 08:00:00
652,374,40000,513,2025-07-30 19:32:00,APROVADA,,2025-07-30 19:00:00,2025-07-31 05:00:00
653,161,30000,733,2022-04-04 09:01:00,APROVADA,,2022-04-04 08:00:00,2022-04-04 12:00:00
654,362,60000,774,2025-11-22 02:30:00,APROVADA,,2025-11-22 02:00:00,2025-11-22 13:00:00
655,66,50000,570,2025-11-11 12:46:00,REJEITADA,DOCUMENTACAO_INCONSISTENTE,2025-11-11 12:00:00,2025-11-11 21:00:00
656,394,75000,735,2025-07-24 00:16:00,REJEITADA,DADOS_INCOMPLETOS,2025-07-23 23:00:00,2025-07-24 01:00:00
657,86,120000,690,2021-08-23 21:37:00,APROVADA,,2021-08-23 21:00:00,2021-08-24 04:00:00
658,454,80000,711,2023-11-30 15:06:00,APROVADA,,2023-11-30 15:00:00,2023-11-30 20:00:00
659,343,80000,676,2025-04-08 18:20:00,REJEITADA,DOCUMENTACAO_INCONSISTENTE,2025-04-08 17:00:00,2025-04-09 01:00:00
660,387,30000,692,2025-08-30 08:28:00,APROVADA,,2025-08-30 08:00:00,2025-08-30 17:00:00
661,38,80000,718,2024-08-13 17:10:00,REJEITADA,DOCUMENTACAO_INCONSISTENTE,2024-08-13 16:00:00,2024-08-13 19:00:00
662,151,60000,661,2023-05-09 05:09:00,REJEITADA,DADOS_INCOMPLETOS,2023-05-09 04:00:00,2023-05-09 08:00:00
663,423,40000,792,2023-09-10 17:49:00,APROVADA,,2023-09-10 17:00:00,2023-09-10 19:00:00
664,237,50000,663,2024-11-08 17:12:00,REJEITADA,DADOS_INCOMPLETOS,2024-11-08 17:00:00,2024-11-09 01:00:00
665,442,60000,708,2022-09-04 20:25:00,APROVADA,,2022-09-04 19:00:00,2022-09-04 22:00:00
666,49,150000,775,2026-02-07 21:02:00,APROVADA,,2026-02-07 20:00:00,2026-02-08 02:00:00
667,137,60000,707,2023-02-12 22:41:00,APROVADA,,2023-02-12 22:00:00,2023-02-13 00:00:00
668,232,120000,755,2021-08-05 22:17:00,APROVADA,,2021-08-05 21:00:00,2021-08-06 08:00:00
669,481,200000,576,2025-05-29 17:11:00,APROVADA,,2025-05-29 16:00:00,2025-05-30 03:00:00
670,126,100000,725,2023-05-25 02:09:00,APROVADA,,2023-05-25 01:00:00,2023-05-25 11:00:00
671,224,50000,850,2024-02-11 22:19:00,APROVADA,,2024-02-11 22:00:00,2024-02-12 02:00:00
672,324,200000,776,2024-11-23 17:58:00,REJEITADA,DOCUMENTACAO_INCONSISTENTE,2024-11-23 17:00:00,2024-11-23 23:00:00
673,358,50000,693,2021-09-12 03:29:00,APROVADA,,2021-09-12 03:00:00,2021-09-12 06:00:00
674,289,40000,739,2021-09-02 11:11:00,APROVADA,,2021-09-02 11:00:00,2021-09-02 18:00:00
675,304,30000,733,2023-06-21 04:33:00,APROVADA,,2023-06-21 04:00:00,2023-06-21 12:00:00
676,108,120000,553,2022-04-04 11:13:00,APROVADA,,2022-04-04 11:00:00,2022-04-04 16:00:00
677,22,75000,714,2023-03-08 06:13:00,APROVADA,,2023-03-08 06:00:00,2023-03-08 08:00:00
678,59,80000,707,2026-06-05 21:06:00,REJEITADA,DADOS_INCOMPLETOS,2026-06-05 20:00:00,2026-06-05 21:00:00
679,350,40000,850,2025-05-13 07:47:00,APROVADA,,2025-05-13 07:00:00,2025-05-13 18:00:00
680,31,80000,699,2022-02-27 19:38:00,REJEITADA,SCORE_ABAIXO_DA_POLITICA,2022-02-27 19:00:00,2022-02-28 05:00:00
681,233,80000,780,2022-07-04 21:21:00,APROVADA,,2022-07-04 21:00:00,2022-07-05 04:00:00
682,384,200000,850,2021-10-02 18:10:00,APROVADA,,2021-10-02 17:00:00,2021-10-03 00:00:00
683,137,80000,645,2024-07-07 06:58:00,REJEITADA,DADOS_INCOMPLETOS,2024-07-07 06:00:00,2024-07-07 15:00:00
684,435,80000,685,2022-05-13 07:54:00,REJEITADA,DADOS_INCOMPLETOS,2022-05-13 07:00:00,2022-05-13 17:00:00
685,152,75000,793,2022-09-30 13:21:00,REJEITADA,SCORE_ABAIXO_DA_POLITICA,2022-09-30 13:00:00,2022-09-30 21:00:00
686,439,40000,615,2022-05-28 01:15:00,APROVADA,,2022-05-28 01:00:00,2022-05-28 12:00:00
687,299,50000,705,2022-05-27 02:15:00,APROVADA,,2022-05-27 02:00:00,2022-05-27 09:00:00
688,197,200000,742,2024-07-27 15:07:00,APROVADA,,2024-07-27 15:00:00,2024-07-28 01:00:00
689,400,150000,617,2021-10-30 10:27:00,APROVADA,,2021-10-30 09:00:00,2021-10-30 11:00:00
690,29,80000,724,2024-01-09 16:36:00,APROVADA,,2024-01-09 16:00:00,2024-01-09 21:00:00
691,120,75000,659,2023-07-24 13:00:00,APROVADA,,2023-07-24 12:00:00,2023-07-24 15:00:00
692,321,30000,661,2025-07-01 14:28:00,APROVADA,,2025-07-01 13:00:00,2025-07-01 14:00:00
693,431,40000,548,2021-01-30 02:24:00,APROVADA,,2021-01-30 01:00:00,2021-01-30 12:00:00
694,348,30000,649,2022-04-04 05:32:00,APROVADA,,2022-04-04 05:00:00,2022-04-04 14:00:00
695,304,60000,629,2025-06-27 07:46:00,APROVADA,,2025-06-27 07:00:00,2025-06-27 13:00:00
696,498,100000,687,2022-01-02 23:44:00,APROVADA,,2022-01-02 23:00:00,2022-01-03 02:00:00
697,418,100000,689,2021-11-25 00:07:00,APROVADA,,2021-11-25 00:00:00,2021-11-25 03:00:00
698,414,100000,798,2024-06-08 09:10:00,APROVADA,,2024-06-08 08:00:00,2024-06-08 16:00:00
699,202,200000,770,2023-02-14 12:53:00,APROVADA,,2023-02-14 12:00:00,2023-02-14 18:00:00
700,344,75000,748,2024-10-31 23:36:00,APROVADA,,2024-10-31 23:00:00,2024-11-01 09:00:00
701,383,150000,779,2024-04-05 22:52:00,REJEITADA,DADOS_INCOMPLETOS,2024-04-05 22:00:00,2024-04-06 04:00:00
702,37,80000,726,2021-09-01 15:07:00,APROVADA,,2021-09-01 14:00:00,2021-09-01 16:00:00
703,250,200000,724,2024-06-18 15:06:00,REJEITADA,DOCUMENTACAO_INCONSISTENTE,2024-06-18 15:00:00,2024-06-18 20:00:00
704,381,200000,691,2026-06-13 16:59:00,APROVADA,,2026-06-13 16:00:00,2026-06-13 17:00:00
705,360,40000,641,2021-05-02 00:18:00,REJEITADA,DOCUMENTACAO_INCONSISTENTE,2021-05-01 23:00:00,2021-05-02 10:00:00
706,232,150000,686,2026-06-30 13:06:00,REJEITADA,SCORE_ABAIXO_DA_POLITICA,2026-06-30 12:00:00,2026-06-30 22:00:00
707,53,40000,838,2025-11-21 18:57:00,REJEITADA,SCORE_ABAIXO_DA_POLITICA,2025-11-21 18:00:00,2025-11-21 20:00:00
708,212,75000,839,2023-01-26 01:12:00,EM_ANALISE,,2023-01-26 01:00:00,
709,184,200000,733,2025-12-03 12:08:00,APROVADA,,2025-12-03 11:00:00,2025-12-03 21:00:00
710,213,120000,665,2023-04-08 11:08:00,EM_ANALISE,,2023-04-08 10:00:00,
711,3,75000,700,2025-05-23 12:46:00,APROVADA,,2025-05-23 12:00:00,2025-05-23 17:00:00
712,159,80000,625,2022-06-30 10:54:00,APROVADA,,2022-06-30 10:00:00,2022-06-30 11:00:00
713,425,50000,733,2025-04-29 05:57:00,APROVADA,,2025-04-29 05:00:00,2025-04-29 06:00:00
714,330,150000,694,2024-03-15 05:15:00,REJEITADA,DOCUMENTACAO_INCONSISTENTE,2024-03-15 05:00:00,2024-03-15 10:00:00
715,141,75000,818,2021-11-13 22:26:00,REJEITADA,SCORE_ABAIXO_DA_POLITICA,2021-11-13 22:00:00,2021-11-14 04:00:00
716,397,50000,682,2022-04-09 01:12:00,REJEITADA,SCORE_ABAIXO_DA_POLITICA,2022-04-09 00:00:00,2022-04-09 01:00:00
717,212,40000,638,2021-01-27 01:27:00,APROVADA,,2021-01-27 00:00:00,2021-01-27 08:00:00
718,313,150000,605,2024-09-02 08:27:00,APROVADA,,2024-09-02 08:00:00,2024-09-02 09:00:00
719,87,80000,552,2021-03-09 02:39:00,APROVADA,,2021-03-09 02:00:00,2021-03-09 10:00:00
720,401,40000,553,2023-12-04 12:22:00,REJEITADA,SCORE_ABAIXO_DA_POLITICA,2023-12-04 11:00:00,2023-12-04 19:00:00
721,34,30000,519,2021-04-15 02:18:00,REJEITADA,DADOS_INCOMPLETOS,2021-04-15 02:00:00,2021-04-15 10:00:00
722,188,30000,674,2023-05-29 01:27:00,APROVADA,,2023-05-29 01:00:00,2023-05-29 07:00:00
723,268,40000,581,2024-02-08 17:09:00,REJEITADA,DOCUMENTACAO_INCONSISTENTE,2024-02-08 17:00:00,2024-02-08 22:00:00
724,442,200000,684,2026-06-05 05:24:00,APROVADA,,2026-06-05 05:00:00,2026-06-05 16:00:00
725,301,80000,699,2024-06-17 02:59:00,REJEITADA,DADOS_INCOMPLETOS,2024-06-17 02:00:00,2024-06-17 09:00:00
726,206,75000,686,2021-06-01 18:34:00,REJEITADA,DADOS_INCOMPLETOS,2021-06-01 18:00:00,2021-06-02 00:00:00
727,1,80000,648,2022-04-17 02:28:00,APROVADA,,2022-04-17 01:00:00,2022-04-17 06:00:00
728,494,60000,674,2021-05-16 06:20:00,APROVADA,,2021-05-16 05:00:00,2021-05-16 06:00:00
729,59,60000,653,2021-07-31 07:21:00,APROVADA,,2021-07-31 06:00:00,2021-07-31 14:00:00
730,138,50000,759,2022-11-06 21:06:00,APROVADA,,2022-11-06 20:00:00,2022-11-07 06:00:00
731,92,100000,706,2021-11-29 11:04:00,APROVADA,,2021-11-29 10:00:00,2021-11-29 13:00:00
732,233,100000,706,2024-08-05 06:48:00,REJEITADA,DOCUMENTACAO_INCONSISTENTE,2024-08-05 06:00:00,2024-08-05 10:00:00
733,367,120000,730,2026-02-26 20:29:00,REJEITADA,SCORE_ABAIXO_DA_POLITICA,2026-02-26 19:00:00,2026-02-26 23:00:00
734,468,75000,566,2022-08-04 20:13:00,APROVADA,,2022-08-04 20:00:00,2022-08-05 02:00:00
735,22,60000,616,2022-07-04 01:06:00,APROVADA,,2022-07-04 00:00:00,2022-07-04 11:00:00
736,461,80000,677,2022-12-01 04:16:00,REJEITADA,DADOS_INCOMPLETOS,2022-12-01 04:00:00,2022-12-01 11:00:00
737,368,60000,736,2023-08-02 23:33:00,REJEITADA,DADOS_INCOMPLETOS,2023-08-02 23:00:00,2023-08-03 04:00:00
738,282,75000,754,2023-03-16 18:26:00,EM_ANALISE,,2023-03-16 18:00:00,
739,264,60000,797,2024-12-19 14:56:00,APROVADA,,2024-12-19 14:00:00,2024-12-19 15:00:00
740,19,60000,730,2026-06-19 13:11:00,APROVADA,,2026-06-19 12:00:00,2026-06-19 21:00:00
741,45,120000,685,2025-02-01 00:11:00,APROVADA,,2025-02-01 00:00:00,2025-02-01 09:00:00
742,306,50000,755,2021-04-09 20:56:00,APROVADA,,2021-04-09 20:00:00,2021-04-09 22:00:00
743,385,75000,635,2021-04-01 02:23:00,APROVADA,,2021-04-01 02:00:00,2021-04-01 13:00:00
744,230,30000,738,2026-06-01 23:11:00,APROVADA,,2026-06-01 23:00:00,2026-06-02 05:00:00
745,422,60000,772,2024-10-20 09:40:00,APROVADA,,2024-10-20 09:00:00,2024-10-20 11:00:00
746,424,75000,696,2023-12-03 00:54:00,APROVADA,,2023-12-03 00:00:00,2023-12-03 09:00:00
747,452,40000,738,2022-05-23 06:22:00,REJEITADA,DADOS_INCOMPLETOS,2022-05-23 06:00:00,2022-05-23 09:00:00
748,270,75000,590,2023-06-14 09:38:00,APROVADA,,2023-06-14 09:00:00,2023-06-14 10:00:00
749,73,100000,844,2024-03-06 13:26:00,APROVADA,,2024-03-06 12:00:00,2024-03-06 14:00:00
750,114,75000,629,2023-07-17 11:34:00,APROVADA,,2023-07-17 11:00:00,2023-07-17 22:00:00
751,410,75000,587,2025-08-08 06:29:00,APROVADA,,2025-08-08 05:00:00,2025-08-08 09:00:00
752,413,150000,638,2024-10-02 03:15:00,REJEITADA,SCORE_ABAIXO_DA_POLITICA,2024-10-02 02:00:00,2024-10-02 04:00:00
753,214,120000,724,2021-03-18 04:36:00,APROVADA,,2021-03-18 04:00:00,2021-03-18 07:00:00
754,469,60000,686,2024-07-18 23:54:00,REJEITADA,DADOS_INCOMPLETOS,2024-07-18 23:00:00,2024-07-19 02:00:00
755,103,60000,713,2023-08-09 11:05:00,REJEITADA,DADOS_INCOMPLETOS,2023-08-09 10:00:00,2023-08-09 21:00:00
756,326,200000,635,2025-08-20 02:44:00,REJEITADA,DADOS_INCOMPLETOS,2025-08-20 02:00:00,2025-08-20 07:00:00
757,70,75000,722,2024-09-11 01:39:00,REJEITADA,DOCUMENTACAO_INCONSISTENTE,2024-09-11 01:00:00,2024-09-11 04:00:00
758,38,75000,657,2021-11-18 19:33:00,APROVADA,,2021-11-18 19:00:00,2021-11-18 20:00:00
759,35,80000,670,2022-03-30 14:16:00,APROVADA,,2022-03-30 14:00:00,2022-03-30 19:00:00
760,364,100000,786,2024-09-21 05:07:00,REJEITADA,DADOS_INCOMPLETOS,2024-09-21 05:00:00,2024-09-21 13:00:00
761,135,75000,579,2025-04-01 09:33:00,APROVADA,,2025-04-01 09:00:00,2025-04-01 10:00:00
762,391,200000,533,2023-11-01 06:12:00,REJEITADA,DADOS_INCOMPLETOS,2023-11-01 05:00:00,2023-11-01 13:00:00
763,451,200000,837,2026-03-19 20:24:00,APROVADA,,2026-03-19 20:00:00,2026-03-19 22:00:00
764,399,200000,639,2022-10-11 19:20:00,REJEITADA,DADOS_INCOMPLETOS,2022-10-11 19:00:00,2022-10-12 04:00:00
765,103,150000,641,2026-04-04 11:32:00,REJEITADA,DADOS_INCOMPLETOS,2026-04-04 11:00:00,2026-04-04 21:00:00
766,45,75000,847,2021-06-07 16:55:00,REJEITADA,DOCUMENTACAO_INCONSISTENTE,2021-06-07 16:00:00,2021-06-08 02:00:00
767,79,30000,711,2022-10-27 20:23:00,REJEITADA,DOCUMENTACAO_INCONSISTENTE,2022-10-27 20:00:00,2022-10-27 21:00:00
768,253,60000,731,2021-05-16 12:23:00,APROVADA,,2021-05-16 12:00:00,2021-05-16 20:00:00
769,493,60000,846,2022-04-19 05:14:00,APROVADA,,2022-04-19 05:00:00,2022-04-19 12:00:00
770,299,150000,818,2023-02-08 04:33:00,APROVADA,,2023-02-08 04:00:00,2023-02-08 14:00:00
771,35,75000,632,2022-05-28 10:23:00,APROVADA,,2022-05-28 10:00:00,2022-05-28 16:00:00
772,235,150000,753,2025-09-29 18:15:00,APROVADA,,2025-09-29 17:00:00,2025-09-29 22:00:00
773,231,120000,581,2021-11-06 15:21:00,REJEITADA,SCORE_ABAIXO_DA_POLITICA,2021-11-06 14:00:00,2021-11-07 00:00:00
774,167,50000,677,2023-07-16 09:36:00,REJEITADA,DADOS_INCOMPLETOS,2023-07-16 09:00:00,2023-07-16 17:00:00
775,252,100000,673,2023-10-12 17:12:00,REJEITADA,SCORE_ABAIXO_DA_POLITICA,2023-10-12 17:00:00,2023-10-13 02:00:00
776,197,50000,633,2023-06-08 18:12:00,APROVADA,,2023-06-08 18:00:00,2023-06-09 04:00:00
777,237,40000,675,2024-03-06 08:32:00,APROVADA,,2024-03-06 08:00:00,2024-03-06 16:00:00
778,473,60000,631,2025-11-17 21:44:00,APROVADA,,2025-11-17 21:00:00,2025-11-18 02:00:00
779,277,75000,643,2021-09-08 16:49:00,REJEITADA,DOCUMENTACAO_INCONSISTENTE,2021-09-08 16:00:00,2021-09-08 20:00:00
780,352,100000,668,2025-09-25 06:30:00,REJEITADA,SCORE_ABAIXO_DA_POLITICA,2025-09-25 06:00:00,2025-09-25 09:00:00
781,146,80000,801,2025-08-10 11:35:00,REJEITADA,DOCUMENTACAO_INCONSISTENTE,2025-08-10 11:00:00,2025-08-10 16:00:00
782,377,40000,667,2024-06-07 04:29:00,APROVADA,,2024-06-07 04:00:00,2024-06-07 14:00:00
783,460,50000,680,2026-06-25 09:48:00,REJEITADA,DOCUMENTACAO_INCONSISTENTE,2026-06-25 09:00:00,2026-06-25 13:00:00
784,99,100000,678,2021-10-01 10:04:00,REJEITADA,DADOS_INCOMPLETOS,2021-10-01 09:00:00,2021-10-01 11:00:00
785,11,150000,650,2024-02-16 12:08:00,APROVADA,,2024-02-16 12:00:00,2024-02-16 14:00:00
786,2,40000,806,2021-06-18 12:45:00,REJEITADA,SCORE_ABAIXO_DA_POLITICA,2021-06-18 12:00:00,2021-06-18 14:00:00
787,105,40000,708,2023-07-24 16:00:00,REJEITADA,SCORE_ABAIXO_DA_POLITICA,2023-07-24 15:00:00,2023-07-24 21:00:00
788,218,80000,706,2023-09-28 23:02:00,APROVADA,,2023-09-28 22:00:00,2023-09-29 04:00:00
789,160,150000,606,2022-02-20 02:52:00,APROVADA,,2022-02-20 02:00:00,2022-02-20 09:00:00
790,264,75000,641,2024-11-25 16:49:00,APROVADA,,2024-11-25 16:00:00,2024-11-26 01:00:00
791,142,60000,774,2021-08-23 06:02:00,APROVADA,,2021-08-23 05:00:00,2021-08-23 16:00:00
792,206,60000,730,2024-04-29 10:37:00,APROVADA,,2024-04-29 10:00:00,2024-04-29 12:00:00
793,322,80000,745,2023-03-08 02:53:00,REJEITADA,SCORE_ABAIXO_DA_POLITICA,2023-03-08 02:00:00,2023-03-08 09:00:00
794,374,200000,850,2023-10-12 16:32:00,REJEITADA,DOCUMENTACAO_INCONSISTENTE,2023-10-12 16:00:00,2023-10-12 19:00:00
795,10,100000,782,2021-11-10 05:42:00,REJEITADA,DADOS_INCOMPLETOS,2021-11-10 05:00:00,2021-11-10 14:00:00
796,57,50000,801,2022-08-29 01:15:00,APROVADA,,2022-08-29 01:00:00,2022-08-29 04:00:00
797,334,120000,596,2026-07-13 17:34:00,APROVADA,,2026-07-13 17:00:00,2026-07-13 23:00:00
798,46,50000,807,2025-01-01 22:17:00,REJEITADA,DOCUMENTACAO_INCONSISTENTE,2025-01-01 22:00:00,2025-01-02 01:00:00
799,22,150000,847,2024-02-14 09:24:00,REJEITADA,DOCUMENTACAO_INCONSISTENTE,2024-02-14 09:00:00,2024-02-14 14:00:00
800,32,200000,732,2024-05-29 18:40:00,APROVADA,,2024-05-29 18:00:00,2024-05-29 19:00:00
