customer_id,company_name,trade_name,cnpj,email,phone,contact_name,status,created_at,updated_at
1,Teixeira Indústria LTDA,Teixeira Indústria,99000017386761,contato001@empresa.com.br,(11) 92030-3473,Eduardo Carvalho,ATIVO,2025-01-18,2025-10-28
2,Ribeiro Alimentação LTDA,Ribeiro Alimentação,99000028797073,contato002@empresa.com.br,(11) 97074-4077,Carlos Gomes,INATIVO,2025-05-10,2025-07-17
3,Carvalho Saúde LTDA,Carvalho Saúde,99000034823995,contato003@empresa.com.br,(11) 96743-3666,Aline Ribeiro,ATIVO,2021-03-24,2023-02-21
4,Mendes Tecnologia LTDA,Mendes Tecnologia,99000045807515,contato004@empresa.com.br,(11) 92680-9977,Juliana Santos,ATIVO,2021-07-22,2022-09-01
5,Rocha Saúde LTDA,Rocha Saúde,99000057612292,contato005@empresa.com.br,(11) 95461-9236,Eduardo Almeida,ATIVO,2024-06-18,2025-03-25
6,Costa Tecnologia LTDA,Costa Tecnologia,99000064096598,contato006@empresa.com.br,(11) 91604-4157,Juliana Santos,ATIVO,2026-03-14,2026-09-13
7,Costa Logística LTDA,Costa Logística,99000071159019,contato007@empresa.com.br,(11) 96710-8925,Fernanda Carvalho,ATIVO,2021-02-15,2022-12-21
8,Pereira Tecnologia LTDA,Pereira Tecnologia,99000084783435,contato008@empresa.com.br,(11) 97766-5527,Priscila Dias,ATIVO,2024-06-18,2026-04-23
9,Ribeiro Alimentação LTDA,Ribeiro Alimentação,99000093560867,contato009@empresa.com.br,(11) 93115-6043,André Teixeira,ATIVO,2021-09-17,2022-06-20
10,Pereira Alimentação LTDA,Pereira Alimentação,99000109181582,contato010@empresa.com.br,(11) 97680-2940,Fernanda Ribeiro,INATIVO,2024-05-20,2026-04-08
11,Martins Logística LTDA,Martins Logística,99000116880952,contato011@empresa.com.br,(11) 93172-3696,Mariana Souza,ATIVO,2024-03-30,2025-11-19
12,Pereira Serviços LTDA,Pereira Serviços,99000122398973,contato012@empresa.com.br,(11) 93548-1545,André Rocha,ATIVO,2021-06-21,2021-07-02
13,Ribeiro Indústria LTDA,Ribeiro Indústria,99000138127769,contato013@empresa.com.br,(11) 94945-8747,Eduardo Mendes,ATIVO,2024-07-17,2025-10-08
14,Carvalho Alimentação LTDA,Carvalho Alimentação,99000149952314,contato014@empresa.com.br,(11) 98330-7043,Eduardo Gomes,ATIVO,2025-09-01,2026-03-06
15,Teixeira Indústria LTDA,Teixeira Indústria,99000158088307,contato015@empresa.com.br,(11) 96058-3874,Bruno Oliveira,ATIVO,2025-06-29,2025-11-04
16,Santos Tecnologia LTDA,Santos Tecnologia,99000166876298,contato016@empresa.com.br,(11) 95614-9410,André Dias,ATIVO,2021-02-25,2022-08-26
17,Lima Serviços LTDA,Lima Serviços,99000171322584,contato017@empresa.com.br,(11) 91926-3642,Thiago Dias,ATIVO,2022-04-13,2023-09-15
18,Almeida Comércio LTDA,Almeida Comércio,99000183214599,contato018@empresa.com.br,(11) 95095-3374,Eduardo Santos,ATIVO,2022-04-03,2024-02-21
19,Ribeiro Construção LTDA,Ribeiro Construção,99000193813129,contato019@empresa.com.br,(11) 92004-6719,Mariana Almeida,ATIVO,2023-05-12,2024-12-29
20,Lima Construção LTDA,Lima Construção,99000201544755,contato020@empresa.com.br,(11) 92862-9793,Priscila Barbosa,ATIVO,2021-09-29,2022-08-15
21,Souza Tecnologia LTDA,Souza Tecnologia,99000214547131,contato021@empresa.com.br,(11) 91014-3609,Carlos Lima,ATIVO,2025-06-12,2025-10-04
22,Santos Tecnologia LTDA,Santos Tecnologia,99000228764880,contato022@empresa.com.br,(11) 95572-3473,Juliana Almeida,ATIVO,2025-01-15,2025-04-11
23,Carvalho Comércio LTDA,Carvalho Comércio,99000233997847,contato023@empresa.com.br,(11) 98024-5204,Camila Lima,ATIVO,2025-03-16,2026-04-10
24,Rocha Logística LTDA,Rocha Logística,99000243343136,contato024@empresa.com.br,(11) 93182-9226,Carlos Pereira,ATIVO,2022-01-12,2023-03-10
25,Carvalho Construção LTDA,Carvalho Construção,99000257149324,contato025@empresa.com.br,(11) 93976-3221,André Costa,ATIVO,2021-01-28,2022-07-05
26,Teixeira Tecnologia LTDA,Teixeira Tecnologia,99000261437123,contato026@empresa.com.br,(11) 92722-2353,Bruno Carvalho,ATIVO,2025-09-27,2026-08-25
27,Martins Comércio LTDA,Martins Comércio,99000273871143,contato027@empresa.com.br,(11) 91808-1083,Juliana Almeida,ATIVO,2022-07-03,2024-04-06
28,Teixeira Serviços LTDA,Teixeira Serviços,99000288349019,contato028@empresa.com.br,(11) 97355-6580,Mariana Oliveira,ATIVO,2024-05-31,2024-08-25
29,Carvalho Serviços LTDA,Carvalho Serviços,99000291799739,contato029@empresa.com.br,(11) 98644-5445,Eduardo Costa,ATIVO,2025-09-24,2026-08-26
30,Almeida Indústria LTDA,Almeida Indústria,99000308680324,contato030@empresa.com.br,(11) 92464-9069,Patrícia Martins,ATIVO,2021-03-10,2022-01-29
31,Mendes Alimentação LTDA,Mendes Alimentação,99000318699423,contato031@empresa.com.br,(11) 99268-6011,Fernanda Souza,ATIVO,2021-01-11,2021-07-11
32,Carvalho Alimentação LTDA,Carvalho Alimentação,99000326430819,contato032@empresa.com.br,(11) 94253-7606,Priscila Dias,ATIVO,2021-01-11,2021-03-16
33,Rocha Serviços LTDA,Rocha Serviços,99000333865591,contato033@empresa.com.br,(11) 96406-3667,Patrícia Mendes,ATIVO,2021-10-25,2022-01-20
34,Costa Logística LTDA,Costa Logística,99000344726234,contato034@empresa.com.br,(11) 91702-8756,Renata Pereira,ATIVO,2021-04-09,2022-11-08
35,Almeida Saúde LTDA,Almeida Saúde,99000354118307,contato035@empresa.com.br,(11) 92489-6931,Camila Almeida,ATIVO,2025-04-07,2026-08-14
36,Barbosa Construção LTDA,Barbosa Construção,99000367372820,contato036@empresa.com.br,(11) 93854-2117,Fernanda Barbosa,ATIVO,2024-02-26,2025-09-27
37,Teixeira Serviços LTDA,Teixeira Serviços,99000376344474,contato037@empresa.com.br,(11) 97031-7237,Carlos Oliveira,ATIVO,2026-02-06,2026-09-11
38,Almeida Serviços LTDA,Almeida Serviços,99000388149270,contato038@empresa.com.br,(11) 91036-9316,Patrícia Santos,ATIVO,2025-03-03,2026-09-08
39,Almeida Logística LTDA,Almeida Logística,99000399937760,contato039@empresa.com.br,(11) 96153-9074,Eduardo Martins,ATIVO,2026-01-05,2026-09-12
40,Santos Alimentação LTDA,Santos Alimentação,99000404735418,contato040@empresa.com.br,(11) 92640-3458,Patrícia Oliveira,ATIVO,2022-03-30,2023-06-12
41,Barbosa Comércio LTDA,Barbosa Comércio,99000415024633,contato041@empresa.com.br,(11) 94091-6971,Eduardo Oliveira,ATIVO,2022-07-01,2023-01-30
42,Dias Construção LTDA,Dias Construção,99000422707891,contato042@empresa.com.br,(11) 92406-3081,Mariana Almeida,ATIVO,2025-06-02,2026-07-28
43,Rocha Construção LTDA,Rocha Construção,99000438551276,contato043@empresa.com.br,(11) 92667-5981,Fernanda Martins,ATIVO,2022-04-11,2023-06-16
44,Ribeiro Tecnologia LTDA,Ribeiro Tecnologia,99000447764966,contato044@empresa.com.br,(11) 97867-6101,Renata Ribeiro,ATIVO,2021-04-19,2022-09-11
45,Souza Construção LTDA,Souza Construção,99000457458524,contato045@empresa.com.br,(11) 99317-5630,Thiago Oliveira,ATIVO,2024-06-25,2025-04-20
46,Dias Comércio LTDA,Dias Comércio,99000461316528,contato046@empresa.com.br,(11) 94851-4671,Aline Pereira,ATIVO,2025-03-02,2026-03-05
47,Dias Comércio LTDA,Dias Comércio,99000477949951,contato047@empresa.com.br,(11) 97142-5218,Priscila Gomes,ATIVO,2026-01-14,2026-09-11
48,Oliveira Indústria LTDA,Oliveira Indústria,99000489653945,contato048@empresa.com.br,(11) 99278-8729,Fernanda Oliveira,ATIVO,2025-10-29,2026-09-10
49,Dias Alimentação LTDA,Dias Alimentação,99000493193878,contato049@empresa.com.br,(11) 98919-7600,Carlos Pereira,ATIVO,2021-08-17,2022-07-17
50,Gomes Alimentação LTDA,Gomes Alimentação,99000506812985,contato050@empresa.com.br,(11) 91798-7674,Camila Lima,ATIVO,2025-01-07,2026-01-08
51,Gomes Saúde LTDA,Gomes Saúde,99000515805481,contato051@empresa.com.br,(11) 94999-1941,Aline Dias,ATIVO,2025-05-27,2026-07-04
52,Mendes Alimentação LTDA,Mendes Alimentação,99000527295410,contato052@empresa.com.br,(11) 95525-1898,Marcelo Rocha,ATIVO,2024-08-19,2026-03-02
53,Almeida Serviços LTDA,Almeida Serviços,99000534879220,contato053@empresa.com.br,(11) 92892-9812,Lucas Carvalho,ATIVO,2025-04-07,2025-05-02
54,Dias Tecnologia LTDA,Dias Tecnologia,99000548244869,contato054@empresa.com.br,(11) 94551-6639,Lucas Teixeira,ATIVO,2025-05-12,2026-08-28
55,Pereira Indústria LTDA,Pereira Indústria,99000556478669,contato055@empresa.com.br,(11) 94681-1091,Eduardo Martins,ATIVO,2023-04-29,2024-01-29
56,Martins Logística LTDA,Martins Logística,99000569418431,contato056@empresa.com.br,(11) 92770-4041,Patrícia Carvalho,ATIVO,2021-03-18,2021-05-13
57,Lima Indústria LTDA,Lima Indústria,99000574546962,contato057@empresa.com.br,(11) 92465-3769,Aline Oliveira,ATIVO,2023-05-17,2024-01-11
58,Gomes Comércio LTDA,Gomes Comércio,99000584055299,contato058@empresa.com.br,(11) 93192-2783,Mariana Dias,ATIVO,2022-01-19,2023-06-14
59,Santos Tecnologia LTDA,Santos Tecnologia,99000597781540,contato059@empresa.com.br,(11) 93502-5301,Eduardo Teixeira,INATIVO,2021-08-05,2022-04-09
60,Costa Alimentação LTDA,Costa Alimentação,99000602671895,contato060@empresa.com.br,(11) 95215-5091,Bruno Ribeiro,ATIVO,2021-08-26,2021-10-14
61,Souza Serviços LTDA,Souza Serviços,99000611406558,contato061@empresa.com.br,(11) 99633-3202,Mariana Carvalho,INATIVO,2024-08-18,2024-10-28
62,Gomes Saúde LTDA,Gomes Saúde,99000625459558,contato062@empresa.com.br,(11) 93271-2218,Priscila Santos,ATIVO,2023-08-17,2024-02-04
63,Souza Indústria LTDA,Souza Indústria,99000637883231,contato063@empresa.com.br,(11) 99113-1946,Fernanda Teixeira,ATIVO,2023-10-23,2025-04-18
64,Dias Logística LTDA,Dias Logística,99000649841299,contato064@empresa.com.br,(11) 91646-4690,André Dias,ATIVO,2024-11-16,2026-01-06
65,Oliveira Alimentação LTDA,Oliveira Alimentação,99000653740198,contato065@empresa.com.br,(11) 91872-8347,Carlos Ribeiro,ATIVO,2023-11-08,2024-09-06
66,Rocha Saúde LTDA,Rocha Saúde,99000666550804,contato066@empresa.com.br,(11) 92487-1736,Camila Ribeiro,ATIVO,2024-04-12,2025-04-16
67,Souza Tecnologia LTDA,Souza Tecnologia,99000672442808,contato067@empresa.com.br,(11) 96257-5715,Rafael Rocha,ATIVO,2021-06-13,2022-03-08
68,Barbosa Saúde LTDA,Barbosa Saúde,99000683664295,contato068@empresa.com.br,(11) 91998-7839,Marcelo Pereira,ATIVO,2025-06-06,2026-09-03
69,Almeida Construção LTDA,Almeida Construção,99000691388463,contato069@empresa.com.br,(11) 94675-2085,Carlos Martins,ATIVO,2023-05-03,2025-02-20
70,Costa Alimentação LTDA,Costa Alimentação,99000707540621,contato070@empresa.com.br,(11) 92600-8617,Rafael Lima,ATIVO,2021-10-22,2022-05-02
71,Martins Serviços LTDA,Martins Serviços,99000716856255,contato071@empresa.com.br,(11) 92666-3207,Camila Almeida,ATIVO,2025-03-26,2026-02-09
72,Teixeira Saúde LTDA,Teixeira Saúde,99000722206822,contato072@empresa.com.br,(11) 97722-4053,Marcelo Martins,INATIVO,2024-10-27,2026-07-02
73,Ribeiro Logística LTDA,Ribeiro Logística,99000737479472,contato073@empresa.com.br,(11) 93664-2451,Carlos Pereira,INATIVO,2021-04-11,2021-10-06
74,Almeida Alimentação LTDA,Almeida Alimentação,99000741668838,contato074@empresa.com.br,(11) 93955-5658,Priscila Almeida,ATIVO,2022-01-02,2023-07-02
75,Souza Tecnologia LTDA,Souza Tecnologia,99000755064057,contato075@empresa.com.br,(11) 98428-4910,Patrícia Lima,ATIVO,2021-01-30,2022-02-14
76,Pereira Serviços LTDA,Pereira Serviços,99000764237460,contato076@empresa.com.br,(11) 91804-5337,Juliana Oliveira,ATIVO,2022-05-30,2024-03-27
77,Rocha Alimentação LTDA,Rocha Alimentação,99000772320424,contato077@empresa.com.br,(11) 99637-2869,Juliana Pereira,ATIVO,2021-07-09,2022-08-05
78,Oliveira Indústria LTDA,Oliveira Indústria,99000788868874,contato078@empresa.com.br,(11) 92413-9250,Mariana Lima,ATIVO,2024-09-10,2024-12-11
79,Almeida Indústria LTDA,Almeida Indústria,99000799238819,contato079@empresa.com.br,(11) 99737-4603,Eduardo Santos,ATIVO,2023-09-20,2024-08-15
80,Ribeiro Logística LTDA,Ribeiro Logística,99000806944023,contato080@empresa.com.br,(11) 98363-8351,Juliana Rocha,ATIVO,2026-02-06,2026-09-11
81,Barbosa Indústria LTDA,Barbosa Indústria,99000815218833,contato081@empresa.com.br,(11) 99285-7136,Marcelo Oliveira,INATIVO,2024-11-24,2026-06-28
82,Pereira Logística LTDA,Pereira Logística,99000821450960,contato082@empresa.com.br,(11) 98149-6917,Priscila Pereira,ATIVO,2024-03-07,2024-04-25
83,Martins Comércio LTDA,Martins Comércio,99000837757546,contato083@empresa.com.br,(11) 92907-2895,Renata Mendes,ATIVO,2023-08-26,2025-03-28
84,Teixeira Logística LTDA,Teixeira Logística,99000844941905,contato084@empresa.com.br,(11) 91020-5973,Fernanda Gomes,ATIVO,2021-04-14,2022-09-26
85,Dias Indústria LTDA,Dias Indústria,99000853528067,contato085@empresa.com.br,(11) 95123-8180,Priscila Almeida,ATIVO,2021-05-14,2022-02-22
86,Oliveira Tecnologia LTDA,Oliveira Tecnologia,99000862370940,contato086@empresa.com.br,(11) 94535-2378,Aline Gomes,ATIVO,2024-03-16,2025-03-03
87,Teixeira Saúde LTDA,Teixeira Saúde,99000873872408,contato087@empresa.com.br,(11) 95149-3725,Camila Barbosa,ATIVO,2021-01-09,2022-05-30
88,Gomes Saúde LTDA,Gomes Saúde,99000886397257,contato088@empresa.com.br,(11) 99549-5729,Rafael Carvalho,ATIVO,2021-03-22,2022-05-29
89,Pereira Logística LTDA,Pereira Logística,99000892595119,contato089@empresa.com.br,(11) 98613-6252,Rafael Gomes,INATIVO,2022-02-21,2024-01-12
90,Almeida Alimentação LTDA,Almeida Alimentação,99000905046693,contato090@empresa.com.br,(11) 93499-9925,Fernanda Teixeira,ATIVO,2025-08-07,2026-08-24
91,Carvalho Logística LTDA,Carvalho Logística,99000917758616,contato091@empresa.com.br,(11) 94250-9526,Renata Oliveira,ATIVO,2023-05-22,2023-12-26
92,Barbosa Indústria LTDA,Barbosa Indústria,99000927612500,contato092@empresa.com.br,(11) 99047-6055,Lucas Lima,ATIVO,2024-09-10,2025-06-25
93,Oliveira Saúde LTDA,Oliveira Saúde,99000936306111,contato093@empresa.com.br,(11) 93973-4773,Patrícia Barbosa,INATIVO,2023-02-21,2024-11-17
94,Costa Saúde LTDA,Costa Saúde,99000944624424,contato094@empresa.com.br,(11) 95178-4960,André Barbosa,ATIVO,2021-11-25,2022-09-12
95,Souza Serviços LTDA,Souza Serviços,99000958445103,contato095@empresa.com.br,(11) 92181-6899,Rafael Pereira,ATIVO,2022-12-07,2024-03-21
96,Barbosa Saúde LTDA,Barbosa Saúde,99000963745293,contato096@empresa.com.br,(11) 98244-2780,Mariana Teixeira,ATIVO,2021-06-24,2022-02-14
97,Oliveira Construção LTDA,Oliveira Construção,99000979457586,contato097@empresa.com.br,(11) 99217-7009,Marcelo Mendes,ATIVO,2025-01-03,2025-07-02
98,Oliveira Serviços LTDA,Oliveira Serviços,99000988840455,contato098@empresa.com.br,(11) 93524-3551,Fernanda Mendes,ATIVO,2021-12-15,2022-03-30
99,Souza Saúde LTDA,Souza Saúde,99000999229499,contato099@empresa.com.br,(11) 99644-5878,Priscila Barbosa,ATIVO,2022-12-17,2023-05-15
100,Ribeiro Saúde LTDA,Ribeiro Saúde,99001007921858,contato100@empresa.com.br,(11) 93295-3769,Thiago Martins,ATIVO,2026-02-06,2026-08-24
101,Gomes Comércio LTDA,Gomes Comércio,99001013884420,contato101@empresa.com.br,(11) 94596-4962,Lucas Dias,ATIVO,2024-01-30,2025-02-01
102,Gomes Logística LTDA,Gomes Logística,99001021209048,contato102@empresa.com.br,(11) 98875-9661,Patrícia Lima,ATIVO,2023-05-22,2024-09-26
103,Martins Indústria LTDA,Martins Indústria,99001034995485,contato103@empresa.com.br,(11) 98685-3952,Juliana Teixeira,ATIVO,2023-10-29,2025-06-14
104,Pereira Construção LTDA,Pereira Construção,99001045900935,contato104@empresa.com.br,(11) 96689-8316,Lucas Carvalho,INATIVO,2025-01-29,2025-12-10
105,Pereira Construção LTDA,Pereira Construção,99001053197844,contato105@empresa.com.br,(11) 99313-3844,Camila Teixeira,ATIVO,2022-04-29,2024-02-26
106,Rocha Alimentação LTDA,Rocha Alimentação,99001069803838,contato106@empresa.com.br,(11) 97881-3098,Mariana Barbosa,ATIVO,2024-04-24,2026-03-22
107,Mendes Comércio LTDA,Mendes Comércio,99001075325468,contato107@empresa.com.br,(11) 96455-6802,Renata Carvalho,ATIVO,2025-07-17,2026-09-08
108,Gomes Indústria LTDA,Gomes Indústria,99001083748434,contato108@empresa.com.br,(11) 94262-4689,Fernanda Carvalho,ATIVO,2023-12-24,2025-02-10
109,Souza Serviços LTDA,Souza Serviços,99001096916943,contato109@empresa.com.br,(11) 96138-2509,Marcelo Souza,ATIVO,2023-04-29,2024-12-22
110,Pereira Comércio LTDA,Pereira Comércio,99001101352525,contato110@empresa.com.br,(11) 92208-8551,André Carvalho,ATIVO,2021-10-03,2023-04-16
111,Costa Serviços LTDA,Costa Serviços,99001117299033,contato111@empresa.com.br,(11) 92037-4510,Aline Martins,ATIVO,2022-04-17,2022-07-15
112,Carvalho Alimentação LTDA,Carvalho Alimentação,99001123578275,contato112@empresa.com.br,(11) 91237-4804,Carlos Dias,ATIVO,2025-12-03,2026-03-29
113,Lima Logística LTDA,Lima Logística,99001138899611,contato113@empresa.com.br,(11) 96693-1626,Priscila Souza,ATIVO,2023-10-26,2025-09-11
114,Dias Serviços LTDA,Dias Serviços,99001146297360,contato114@empresa.com.br,(11) 95285-8962,Aline Costa,INATIVO,2022-07-27,2023-02-08
115,Costa Saúde LTDA,Costa Saúde,99001155073324,contato115@empresa.com.br,(11) 96180-2587,Rafael Barbosa,ATIVO,2023-03-06,2024-10-10
116,Oliveira Tecnologia LTDA,Oliveira Tecnologia,99001165557768,contato116@empresa.com.br,(11) 93655-7174,Patrícia Costa,ATIVO,2024-01-04,2024-12-24
117,Mendes Saúde LTDA,Mendes Saúde,99001171011226,contato117@empresa.com.br,(11) 91285-5647,Thiago Almeida,ATIVO,2023-10-19,2025-09-17
118,Santos Comércio LTDA,Santos Comércio,99001187150562,contato118@empresa.com.br,(11) 93883-3864,Lucas Santos,ATIVO,2024-08-22,2026-07-06
119,Souza Tecnologia LTDA,Souza Tecnologia,99001192600507,contato119@empresa.com.br,(11) 94318-7049,Camila Costa,ATIVO,2022-05-05,2022-06-19
120,Mendes Indústria LTDA,Mendes Indústria,99001203913715,contato120@empresa.com.br,(11) 99154-8390,Aline Gomes,ATIVO,2024-05-18,2025-12-23
121,Teixeira Tecnologia LTDA,Teixeira Tecnologia,99001214552046,contato121@empresa.com.br,(11) 97429-8211,André Costa,ATIVO,2023-04-22,2024-09-29
122,Oliveira Tecnologia LTDA,Oliveira Tecnologia,99001222997630,contato122@empresa.com.br,(11) 96128-8910,Priscila Souza,ATIVO,2025-11-23,2026-03-12
123,Teixeira Comércio LTDA,Teixeira Comércio,99001233933041,contato123@empresa.com.br,(11) 93524-1607,Juliana Souza,ATIVO,2021-10-28,2022-11-10
124,Ribeiro Comércio LTDA,Ribeiro Comércio,99001243040263,contato124@empresa.com.br,(11) 98655-7970,Mariana Santos,ATIVO,2021-10-10,2022-08-17
125,Santos Comércio LTDA,Santos Comércio,99001254042785,contato125@empresa.com.br,(11) 94079-2511,Renata Barbosa,ATIVO,2023-05-28,2024-12-25
126,Almeida Serviços LTDA,Almeida Serviços,99001261586455,contato126@empresa.com.br,(11) 95977-5849,Marcelo Souza,ATIVO,2023-08-24,2025-03-23
127,Carvalho Construção LTDA,Carvalho Construção,99001271391041,contato127@empresa.com.br,(11) 95909-7639,Rafael Lima,ATIVO,2024-08-05,2025-05-14
128,Martins Indústria LTDA,Martins Indústria,99001283945623,contato128@empresa.com.br,(11) 95848-7751,Aline Costa,ATIVO,2023-02-07,2024-01-30
129,Barbosa Tecnologia LTDA,Barbosa Tecnologia,99001293782480,contato129@empresa.com.br,(11) 96628-2875,André Lima,ATIVO,2025-10-03,2026-03-13
130,Gomes Construção LTDA,Gomes Construção,99001309656545,contato130@empresa.com.br,(11) 94034-2586,Rafael Mendes,ATIVO,2023-06-20,2023-08-28
131,Oliveira Serviços LTDA,Oliveira Serviços,99001311395443,contato131@empresa.com.br,(11) 97291-9912,Marcelo Almeida,ATIVO,2021-09-03,2022-06-14
132,Rocha Serviços LTDA,Rocha Serviços,99001329889647,contato132@empresa.com.br,(11) 99260-4535,Renata Oliveira,ATIVO,2021-08-15,2022-06-30
133,Oliveira Alimentação LTDA,Oliveira Alimentação,99001339576780,contato133@empresa.com.br,(11) 92730-6553,Thiago Dias,ATIVO,2026-01-24,2026-09-02
134,Costa Tecnologia LTDA,Costa Tecnologia,99001346904664,contato134@empresa.com.br,(11) 97611-1058,Thiago Souza,ATIVO,2021-09-12,2022-03-14
135,Martins Saúde LTDA,Martins Saúde,99001355958178,contato135@empresa.com.br,(11) 97394-5176,Camila Rocha,ATIVO,2025-12-06,2026-08-29
136,Almeida Logística LTDA,Almeida Logística,99001361445132,contato136@empresa.com.br,(11) 95375-6571,Priscila Martins,ATIVO,2022-06-13,2023-03-06
137,Souza Indústria LTDA,Souza Indústria,99001374767904,contato137@empresa.com.br,(11) 98438-4136,Fernanda Mendes,ATIVO,2021-06-27,2021-09-16
138,Ribeiro Serviços LTDA,Ribeiro Serviços,99001384468324,contato138@empresa.com.br,(11) 95696-2462,Aline Souza,ATIVO,2022-08-02,2022-11-11
139,Pereira Tecnologia LTDA,Pereira Tecnologia,99001396076855,contato139@empresa.com.br,(11) 91594-4260,Renata Gomes,ATIVO,2024-03-13,2025-10-26
140,Almeida Comércio LTDA,Almeida Comércio,99001402910494,contato140@empresa.com.br,(11) 96815-8002,Eduardo Teixeira,ATIVO,2023-03-25,2024-09-18
141,Oliveira Construção LTDA,Oliveira Construção,99001419012374,contato141@empresa.com.br,(11) 95284-8563,Rafael Carvalho,ATIVO,2025-02-01,2026-09-06
142,Teixeira Tecnologia LTDA,Teixeira Tecnologia,99001421535380,contato142@empresa.com.br,(11) 96271-5174,André Costa,ATIVO,2024-03-06,2025-02-06
143,Costa Indústria LTDA,Costa Indústria,99001437115742,contato143@empresa.com.br,(11) 91892-4732,Mariana Costa,ATIVO,2023-02-01,2024-10-18
144,Costa Comércio LTDA,Costa Comércio,99001444804605,contato144@empresa.com.br,(11) 92212-6863,Patrícia Oliveira,INATIVO,2024-04-20,2024-06-22
145,Rocha Serviços LTDA,Rocha Serviços,99001453883574,contato145@empresa.com.br,(11) 91497-5725,André Pereira,ATIVO,2026-01-20,2026-07-17
146,Pereira Indústria LTDA,Pereira Indústria,99001463383264,contato146@empresa.com.br,(11) 92848-8209,Priscila Martins,ATIVO,2023-02-22,2023-12-17
147,Teixeira Comércio LTDA,Teixeira Comércio,99001479366998,contato147@empresa.com.br,(11) 91966-1457,Lucas Santos,ATIVO,2021-10-19,2023-04-01
148,Santos Tecnologia LTDA,Santos Tecnologia,99001486576122,contato148@empresa.com.br,(11) 98670-9662,Camila Santos,ATIVO,2023-02-16,2023-07-13
149,Mendes Comércio LTDA,Mendes Comércio,99001498378278,contato149@empresa.com.br,(11) 99969-4983,Lucas Ribeiro,ATIVO,2025-05-16,2025-09-01
150,Almeida Serviços LTDA,Almeida Serviços,99001504611384,contato150@empresa.com.br,(11) 99536-1777,Mariana Pereira,ATIVO,2022-02-18,2023-01-17
151,Martins Alimentação LTDA,Martins Alimentação,99001518255717,contato151@empresa.com.br,(11) 93933-5487,Priscila Oliveira,ATIVO,2025-12-09,2026-08-17
152,Ribeiro Tecnologia LTDA,Ribeiro Tecnologia,99001523608035,contato152@empresa.com.br,(11) 98246-4577,Thiago Dias,ATIVO,2024-01-23,2024-10-21
153,Mendes Logística LTDA,Mendes Logística,99001535231526,contato153@empresa.com.br,(11) 92951-2738,Juliana Gomes,ATIVO,2024-02-17,2024-10-05
154,Dias Comércio LTDA,Dias Comércio,99001548186731,contato154@empresa.com.br,(11) 96196-4227,Marcelo Almeida,ATIVO,2022-08-26,2023-10-16
155,Gomes Tecnologia LTDA,Gomes Tecnologia,99001554957223,contato155@empresa.com.br,(11) 99339-8217,Camila Mendes,ATIVO,2025-10-15,2026-09-04
156,Teixeira Saúde LTDA,Teixeira Saúde,99001564523427,contato156@empresa.com.br,(11) 95058-9722,Aline Pereira,ATIVO,2021-03-10,2021-09-22
157,Martins Tecnologia LTDA,Martins Tecnologia,99001575156360,contato157@empresa.com.br,(11) 95989-4327,Fernanda Gomes,ATIVO,2022-07-22,2023-03-30
158,Pereira Alimentação LTDA,Pereira Alimentação,99001584111576,contato158@empresa.com.br,(11) 91851-3750,Rafael Lima,ATIVO,2023-03-06,2024-03-17
159,Oliveira Logística LTDA,Oliveira Logística,99001597508023,contato159@empresa.com.br,(11) 92930-8023,Thiago Lima,ATIVO,2023-06-26,2025-02-20
160,Martins Construção LTDA,Martins Construção,99001607799855,contato160@empresa.com.br,(11) 98440-9734,Patrícia Souza,ATIVO,2023-06-20,2024-06-27
161,Teixeira Serviços LTDA,Teixeira Serviços,99001616376550,contato161@empresa.com.br,(11) 91473-6908,Rafael Gomes,ATIVO,2021-10-09,2023-09-03
162,Dias Construção LTDA,Dias Construção,99001624532362,contato162@empresa.com.br,(11) 96210-9809,Rafael Teixeira,ATIVO,2022-03-05,2023-12-10
163,Almeida Logística LTDA,Almeida Logística,99001631346877,contato163@empresa.com.br,(11) 96063-1749,Priscila Gomes,ATIVO,2021-06-30,2023-04-01
164,Almeida Indústria LTDA,Almeida Indústria,99001647691138,contato164@empresa.com.br,(11) 95467-2827,Juliana Rocha,ATIVO,2023-12-24,2024-06-16
165,Carvalho Tecnologia LTDA,Carvalho Tecnologia,99001651049257,contato165@empresa.com.br,(11) 93976-8924,Eduardo Mendes,INATIVO,2022-10-29,2024-08-15
166,Teixeira Alimentação LTDA,Teixeira Alimentação,99001664357544,contato166@empresa.com.br,(11) 93432-7047,Marcelo Martins,ATIVO,2023-12-11,2024-01-30
167,Oliveira Tecnologia LTDA,Oliveira Tecnologia,99001677974170,contato167@empresa.com.br,(11) 95827-3166,Juliana Carvalho,ATIVO,2024-01-26,2024-07-02
168,Dias Comércio LTDA,Dias Comércio,99001689672218,contato168@empresa.com.br,(11) 92688-9378,Aline Rocha,ATIVO,2024-08-26,2026-04-15
169,Martins Alimentação LTDA,Martins Alimentação,99001698903325,contato169@empresa.com.br,(11) 91909-4506,Eduardo Pereira,ATIVO,2023-11-06,2024-02-04
170,Mendes Logística LTDA,Mendes Logística,99001705335871,contato170@empresa.com.br,(11) 99838-7564,Carlos Martins,ATIVO,2024-05-16,2025-08-09
171,Martins Alimentação LTDA,Martins Alimentação,99001714824814,contato171@empresa.com.br,(11) 94758-2158,Priscila Pereira,INATIVO,2024-01-21,2024-04-28
172,Santos Alimentação LTDA,Santos Alimentação,99001728152754,contato172@empresa.com.br,(11) 93559-7354,Carlos Rocha,ATIVO,2024-05-24,2024-07-20
173,Souza Saúde LTDA,Souza Saúde,99001738869007,contato173@empresa.com.br,(11) 95683-5557,Rafael Almeida,ATIVO,2024-03-17,2026-01-04
174,Carvalho Tecnologia LTDA,Carvalho Tecnologia,99001747211140,contato174@empresa.com.br,(11) 97014-2022,Eduardo Oliveira,ATIVO,2022-08-24,2023-11-09
175,Lima Construção LTDA,Lima Construção,99001756568432,contato175@empresa.com.br,(11) 95155-9648,Juliana Almeida,ATIVO,2022-04-13,2023-05-29
176,Ribeiro Alimentação LTDA,Ribeiro Alimentação,99001762928937,contato176@empresa.com.br,(11) 92696-5429,Bruno Oliveira,ATIVO,2025-02-05,2026-03-18
177,Pereira Serviços LTDA,Pereira Serviços,99001771871291,contato177@empresa.com.br,(11) 94644-3021,Patrícia Dias,ATIVO,2022-10-14,2023-03-10
178,Mendes Tecnologia LTDA,Mendes Tecnologia,99001789769753,contato178@empresa.com.br,(11) 96864-9915,Carlos Santos,ATIVO,2023-11-10,2024-12-25
179,Rocha Alimentação LTDA,Rocha Alimentação,99001796708109,contato179@empresa.com.br,(11) 94879-4279,André Lima,ATIVO,2022-01-10,2022-04-22
180,Almeida Serviços LTDA,Almeida Serviços,99001805811406,contato180@empresa.com.br,(11) 99627-6945,André Dias,ATIVO,2023-03-31,2024-03-05
181,Almeida Serviços LTDA,Almeida Serviços,99001817352172,contato181@empresa.com.br,(11) 99125-4497,Patrícia Souza,ATIVO,2023-10-04,2024-10-08
182,Almeida Indústria LTDA,Almeida Indústria,99001829422865,contato182@empresa.com.br,(11) 92057-3543,Aline Rocha,ATIVO,2024-04-04,2026-01-03
183,Almeida Comércio LTDA,Almeida Comércio,99001838512368,contato183@empresa.com.br,(11) 95813-1622,Priscila Oliveira,ATIVO,2023-09-28,2025-02-17
184,Teixeira Construção LTDA,Teixeira Construção,99001846107032,contato184@empresa.com.br,(11) 95004-9901,Lucas Lima,ATIVO,2022-11-17,2024-05-27
185,Santos Serviços LTDA,Santos Serviços,99001859718769,contato185@empresa.com.br,(11) 95621-3574,Fernanda Souza,ATIVO,2026-01-02,2026-09-10
186,Costa Alimentação LTDA,Costa Alimentação,99001862799073,contato186@empresa.com.br,(11) 92147-7369,Rafael Gomes,ATIVO,2023-09-02,2025-05-02
187,Ribeiro Construção LTDA,Ribeiro Construção,99001872142590,contato187@empresa.com.br,(11) 99489-6636,Thiago Martins,ATIVO,2025-03-16,2026-09-05
188,Oliveira Alimentação LTDA,Oliveira Alimentação,99001888162096,contato188@empresa.com.br,(11) 95890-9687,Fernanda Ribeiro,INATIVO,2024-10-31,2025-08-04
189,Teixeira Serviços LTDA,Teixeira Serviços,99001899746233,contato189@empresa.com.br,(11) 95345-5109,Bruno Barbosa,ATIVO,2023-11-27,2025-05-17
190,Carvalho Construção LTDA,Carvalho Construção,99001904477072,contato190@empresa.com.br,(11) 94523-2026,Fernanda Pereira,ATIVO,2025-08-12,2026-01-03
191,Santos Saúde LTDA,Santos Saúde,99001911696924,contato191@empresa.com.br,(11) 95014-2742,Eduardo Mendes,ATIVO,2021-09-01,2023-01-23
192,Teixeira Construção LTDA,Teixeira Construção,99001926509988,contato192@empresa.com.br,(11) 92417-8742,Rafael Almeida,ATIVO,2025-10-17,2026-06-01
193,Costa Indústria LTDA,Costa Indústria,99001939781623,contato193@empresa.com.br,(11) 95641-6977,Marcelo Costa,INATIVO,2025-06-04,2026-03-05
194,Teixeira Construção LTDA,Teixeira Construção,99001949794733,contato194@empresa.com.br,(11) 91442-4197,Mariana Costa,ATIVO,2023-08-15,2024-09-16
195,Oliveira Alimentação LTDA,Oliveira Alimentação,99001951569956,contato195@empresa.com.br,(11) 96116-4278,Juliana Costa,ATIVO,2024-10-25,2025-02-14
196,Teixeira Indústria LTDA,Teixeira Indústria,99001965834969,contato196@empresa.com.br,(11) 92816-5566,Renata Gomes,ATIVO,2023-09-16,2025-03-28
197,Mendes Construção LTDA,Mendes Construção,99001976560099,contato197@empresa.com.br,(11) 99538-2148,Renata Rocha,ATIVO,2022-05-26,2023-08-10
198,Pereira Comércio LTDA,Pereira Comércio,99001981815211,contato198@empresa.com.br,(11) 94940-6587,Bruno Costa,ATIVO,2025-02-28,2025-12-15
199,Dias Construção LTDA,Dias Construção,99001994404788,contato199@empresa.com.br,(11) 95863-4806,André Mendes,ATIVO,2022-04-13,2022-07-17
200,Oliveira Logística LTDA,Oliveira Logística,99002003886606,contato200@empresa.com.br,(11) 97055-2458,Juliana Gomes,ATIVO,2022-08-21,2022-12-29
201,Lima Construção LTDA,Lima Construção,99002013057810,contato201@empresa.com.br,(11) 92519-7435,Aline Barbosa,INATIVO,2023-09-14,2025-06-07
202,Teixeira Construção LTDA,Teixeira Construção,99002022691132,contato202@empresa.com.br,(11) 95478-5779,Marcelo Santos,ATIVO,2025-05-11,2026-07-01
203,Ribeiro Comércio LTDA,Ribeiro Comércio,99002035573735,contato203@empresa.com.br,(11) 99952-1890,Priscila Lima,ATIVO,2022-12-31,2023-07-20
204,Carvalho Logística LTDA,Carvalho Logística,99002045301518,contato204@empresa.com.br,(11) 91601-7604,Priscila Lima,ATIVO,2023-07-28,2025-06-08
205,Martins Serviços LTDA,Martins Serviços,99002053051709,contato205@empresa.com.br,(11) 91457-6380,Lucas Gomes,ATIVO,2021-03-21,2022-05-26
206,Dias Comércio LTDA,Dias Comércio,99002065221045,contato206@empresa.com.br,(11) 95279-7454,Bruno Teixeira,ATIVO,2021-08-09,2022-03-02
207,Almeida Construção LTDA,Almeida Construção,99002078399921,contato207@empresa.com.br,(11) 98035-9129,Lucas Gomes,INATIVO,2021-04-17,2022-09-24
208,Lima Tecnologia LTDA,Lima Tecnologia,99002086741430,contato208@empresa.com.br,(11) 96678-3714,Carlos Rocha,ATIVO,2021-05-17,2022-11-09
209,Pereira Tecnologia LTDA,Pereira Tecnologia,99002096962765,contato209@empresa.com.br,(11) 97343-4337,Aline Gomes,ATIVO,2025-07-09,2026-08-18
210,Martins Tecnologia LTDA,Martins Tecnologia,99002106661869,contato210@empresa.com.br,(11) 91410-7628,Aline Pereira,ATIVO,2025-05-19,2026-05-12
211,Carvalho Tecnologia LTDA,Carvalho Tecnologia,99002115791876,contato211@empresa.com.br,(11) 92180-4481,Carlos Martins,ATIVO,2025-04-11,2026-09-05
212,Costa Indústria LTDA,Costa Indústria,99002126641424,contato212@empresa.com.br,(11) 99051-7591,Rafael Barbosa,ATIVO,2021-04-16,2021-09-27
213,Souza Logística LTDA,Souza Logística,99002131996518,contato213@empresa.com.br,(11) 92389-3543,Rafael Dias,ATIVO,2021-05-28,2022-12-12
214,Costa Tecnologia LTDA,Costa Tecnologia,99002143621964,contato214@empresa.com.br,(11) 98944-7548,André Ribeiro,ATIVO,2022-06-18,2022-11-05
215,Mendes Serviços LTDA,Mendes Serviços,99002157373417,contato215@empresa.com.br,(11) 94218-8087,Marcelo Oliveira,ATIVO,2023-12-11,2025-05-22
216,Carvalho Construção LTDA,Carvalho Construção,99002162326833,contato216@empresa.com.br,(11) 93774-4441,Camila Souza,ATIVO,2022-09-27,2023-03-27
217,Oliveira Saúde LTDA,Oliveira Saúde,99002175952156,contato217@empresa.com.br,(11) 91629-4804,Marcelo Barbosa,ATIVO,2023-07-16,2023-11-05
218,Carvalho Serviços LTDA,Carvalho Serviços,99002188039899,contato218@empresa.com.br,(11) 98334-2854,Eduardo Barbosa,ATIVO,2021-11-25,2022-02-18
219,Carvalho Tecnologia LTDA,Carvalho Tecnologia,99002198385012,contato219@empresa.com.br,(11) 94246-2634,Fernanda Costa,ATIVO,2024-10-20,2025-06-21
220,Oliveira Serviços LTDA,Oliveira Serviços,99002205207360,contato220@empresa.com.br,(11) 93168-9188,André Lima,ATIVO,2022-08-20,2024-01-08
221,Mendes Serviços LTDA,Mendes Serviços,99002213824620,contato221@empresa.com.br,(11) 92177-1129,Juliana Souza,ATIVO,2021-05-07,2022-01-24
222,Carvalho Saúde LTDA,Carvalho Saúde,99002223726681,contato222@empresa.com.br,(11) 93123-5853,Marcelo Pereira,ATIVO,2024-11-12,2026-08-05
223,Mendes Comércio LTDA,Mendes Comércio,99002239370029,contato223@empresa.com.br,(11) 91212-8803,André Carvalho,ATIVO,2025-09-12,2026-08-27
224,Martins Alimentação LTDA,Martins Alimentação,99002245243614,contato224@empresa.com.br,(11) 98490-9176,Eduardo Carvalho,ATIVO,2021-01-28,2022-10-13
225,Ribeiro Construção LTDA,Ribeiro Construção,99002254229153,contato225@empresa.com.br,(11) 97393-1142,Bruno Mendes,ATIVO,2023-04-10,2023-06-14
226,Martins Tecnologia LTDA,Martins Tecnologia,99002265218109,contato226@empresa.com.br,(11) 95061-6112,Bruno Carvalho,INATIVO,2025-04-21,2026-02-06
227,Mendes Logística LTDA,Mendes Logística,99002276782704,contato227@empresa.com.br,(11) 97415-3026,Marcelo Dias,ATIVO,2024-09-03,2024-11-26
228,Costa Construção LTDA,Costa Construção,99002281618221,contato228@empresa.com.br,(11) 98855-2066,Marcelo Mendes,ATIVO,2025-06-16,2026-08-26
229,Teixeira Serviços LTDA,Teixeira Serviços,99002293829131,contato229@empresa.com.br,(11) 93412-8398,Juliana Lima,ATIVO,2023-02-28,2024-08-07
230,Martins Saúde LTDA,Martins Saúde,99002309449247,contato230@empresa.com.br,(11) 96012-6530,Camila Pereira,ATIVO,2022-12-09,2024-11-04
231,Souza Serviços LTDA,Souza Serviços,99002312528199,contato231@empresa.com.br,(11) 91521-6663,Carlos Costa,ATIVO,2024-09-09,2026-02-16
232,Dias Construção LTDA,Dias Construção,99002324625916,contato232@empresa.com.br,(11) 97131-7037,Mariana Rocha,ATIVO,2021-10-19,2021-10-31
233,Costa Saúde LTDA,Costa Saúde,99002332579160,contato233@empresa.com.br,(11) 93382-9291,Carlos Mendes,ATIVO,2022-03-31,2024-02-14
234,Teixeira Construção LTDA,Teixeira Construção,99002342260498,contato234@empresa.com.br,(11) 98329-4781,Fernanda Gomes,ATIVO,2024-02-16,2026-01-15
235,Costa Alimentação LTDA,Costa Alimentação,99002353485865,contato235@empresa.com.br,(11) 93381-1048,André Dias,ATIVO,2024-06-24,2025-07-26
236,Lima Alimentação LTDA,Lima Alimentação,99002364892639,contato236@empresa.com.br,(11) 97981-6474,Lucas Souza,INATIVO,2021-08-16,2023-02-12
237,Mendes Logística LTDA,Mendes Logística,99002374404861,contato237@empresa.com.br,(11) 92917-7088,Lucas Rocha,ATIVO,2023-08-24,2025-04-05
238,Almeida Logística LTDA,Almeida Logística,99002386140505,contato238@empresa.com.br,(11) 91347-2879,André Dias,ATIVO,2022-11-25,2024-08-05
239,Costa Alimentação LTDA,Costa Alimentação,99002395670231,contato239@empresa.com.br,(11) 91801-2262,Lucas Mendes,ATIVO,2023-08-12,2025-02-01
240,Lima Indústria LTDA,Lima Indústria,99002407723681,contato240@empresa.com.br,(11) 92699-2555,Juliana Pereira,ATIVO,2025-12-27,2026-06-18
241,Costa Logística LTDA,Costa Logística,99002414690438,contato241@empresa.com.br,(11) 98755-5737,Camila Carvalho,ATIVO,2021-05-26,2022-10-29
242,Gomes Saúde LTDA,Gomes Saúde,99002427213616,contato242@empresa.com.br,(11) 94706-6872,Juliana Dias,ATIVO,2026-03-07,2026-07-08
243,Lima Serviços LTDA,Lima Serviços,99002439310121,contato243@empresa.com.br,(11) 97567-1782,Rafael Costa,ATIVO,2023-05-05,2025-03-30
244,Mendes Alimentação LTDA,Mendes Alimentação,99002441880091,contato244@empresa.com.br,(11) 92804-2563,Camila Carvalho,ATIVO,2025-01-06,2025-04-16
245,Oliveira Tecnologia LTDA,Oliveira Tecnologia,99002455174452,contato245@empresa.com.br,(11) 98163-2905,Carlos Souza,ATIVO,2023-03-18,2023-08-07
246,Teixeira Logística LTDA,Teixeira Logística,99002468224484,contato246@empresa.com.br,(11) 93466-2066,Renata Souza,ATIVO,2022-08-14,2023-10-12
247,Souza Indústria LTDA,Souza Indústria,99002472215342,contato247@empresa.com.br,(11) 94618-9368,Mariana Dias,ATIVO,2025-01-04,2026-01-03
248,Costa Tecnologia LTDA,Costa Tecnologia,99002488620038,contato248@empresa.com.br,(11) 91316-1765,Renata Lima,ATIVO,2024-07-30,2025-02-01
249,Oliveira Construção LTDA,Oliveira Construção,99002496753252,contato249@empresa.com.br,(11) 92898-4534,Camila Mendes,ATIVO,2021-10-01,2022-01-29
250,Teixeira Logística LTDA,Teixeira Logística,99002508658973,contato250@empresa.com.br,(11) 93048-5706,Carlos Rocha,ATIVO,2024-09-02,2024-11-01
251,Almeida Construção LTDA,Almeida Construção,99002518806810,contato251@empresa.com.br,(11) 96569-5838,Patrícia Souza,ATIVO,2024-12-01,2025-02-17
252,Mendes Logística LTDA,Mendes Logística,99002522154639,contato252@empresa.com.br,(11) 99445-1953,Rafael Mendes,ATIVO,2023-01-07,2023-05-06
253,Barbosa Alimentação LTDA,Barbosa Alimentação,99002534971004,contato253@empresa.com.br,(11) 95746-9859,Mariana Teixeira,ATIVO,2025-10-25,2026-03-13
254,Barbosa Comércio LTDA,Barbosa Comércio,99002548384552,contato254@empresa.com.br,(11) 93590-4812,Juliana Barbosa,ATIVO,2024-05-02,2025-07-14
255,Santos Alimentação LTDA,Santos Alimentação,99002553145046,contato255@empresa.com.br,(11) 95546-5545,Fernanda Ribeiro,ATIVO,2022-09-26,2024-01-12
256,Martins Construção LTDA,Martins Construção,99002564555916,contato256@empresa.com.br,(11) 99217-8182,Marcelo Mendes,ATIVO,2021-01-21,2022-11-25
257,Costa Construção LTDA,Costa Construção,99002577628708,contato257@empresa.com.br,(11) 95707-8169,Fernanda Gomes,ATIVO,2024-07-06,2025-01-06
258,Costa Indústria LTDA,Costa Indústria,99002588157089,contato258@empresa.com.br,(11) 97495-8326,Bruno Dias,ATIVO,2022-02-02,2022-02-17
259,Teixeira Serviços LTDA,Teixeira Serviços,99002599857666,contato259@empresa.com.br,(11) 96743-6932,Camila Pereira,ATIVO,2024-12-08,2025-08-20
260,Carvalho Comércio LTDA,Carvalho Comércio,99002609879657,contato260@empresa.com.br,(11) 94710-6539,Carlos Santos,ATIVO,2023-09-25,2024-11-20
261,Teixeira Comércio LTDA,Teixeira Comércio,99002613556461,contato261@empresa.com.br,(11) 94444-6489,Patrícia Mendes,ATIVO,2023-06-06,2024-08-03
262,Dias Tecnologia LTDA,Dias Tecnologia,99002628951767,contato262@empresa.com.br,(11) 97930-2867,Aline Souza,ATIVO,2021-11-08,2022-05-09
263,Pereira Serviços LTDA,Pereira Serviços,99002636457264,contato263@empresa.com.br,(11) 98465-9530,Fernanda Gomes,ATIVO,2024-09-13,2026-06-30
264,Almeida Tecnologia LTDA,Almeida Tecnologia,99002642981420,contato264@empresa.com.br,(11) 96071-6448,Priscila Barbosa,ATIVO,2021-11-12,2022-06-30
265,Carvalho Tecnologia LTDA,Carvalho Tecnologia,99002651496889,contato265@empresa.com.br,(11) 98785-7752,Bruno Pereira,INATIVO,2023-03-05,2024-09-29
266,Almeida Construção LTDA,Almeida Construção,99002664567925,contato266@empresa.com.br,(11) 94238-7746,Camila Dias,ATIVO,2025-05-08,2026-09-14
267,Ribeiro Indústria LTDA,Ribeiro Indústria,99002675722988,contato267@empresa.com.br,(11) 98970-3681,Marcelo Costa,ATIVO,2025-10-15,2026-08-24
268,Costa Logística LTDA,Costa Logística,99002685781634,contato268@empresa.com.br,(11) 98158-3076,Camila Mendes,ATIVO,2026-02-23,2026-09-08
269,Lima Comércio LTDA,Lima Comércio,99002694063545,contato269@empresa.com.br,(11) 96719-4343,Thiago Carvalho,ATIVO,2025-12-26,2026-09-12
270,Barbosa Alimentação LTDA,Barbosa Alimentação,99002705784515,contato270@empresa.com.br,(11) 95045-1550,Rafael Carvalho,ATIVO,2023-11-23,2024-02-25
271,Gomes Indústria LTDA,Gomes Indústria,99002712813814,contato271@empresa.com.br,(11) 98304-1523,Mariana Teixeira,ATIVO,2022-01-16,2023-08-26
272,Pereira Alimentação LTDA,Pereira Alimentação,99002726207483,contato272@empresa.com.br,(11) 99750-2526,Juliana Oliveira,ATIVO,2025-05-14,2025-11-21
273,Teixeira Saúde LTDA,Teixeira Saúde,99002739297076,contato273@empresa.com.br,(11) 93618-2905,Marcelo Pereira,ATIVO,2025-03-04,2026-09-10
274,Oliveira Comércio LTDA,Oliveira Comércio,99002742686592,contato274@empresa.com.br,(11) 91551-9907,Rafael Lima,ATIVO,2026-02-25,2026-04-25
275,Santos Comércio LTDA,Santos Comércio,99002751270954,contato275@empresa.com.br,(11) 97613-6221,Juliana Ribeiro,ATIVO,2024-05-21,2025-12-22
276,Santos Construção LTDA,Santos Construção,99002761335262,contato276@empresa.com.br,(11) 93767-6745,Renata Lima,ATIVO,2021-09-27,2023-06-07
277,Carvalho Logística LTDA,Carvalho Logística,99002779449180,contato277@empresa.com.br,(11) 97340-4114,Lucas Lima,ATIVO,2023-08-14,2024-06-27
278,Oliveira Tecnologia LTDA,Oliveira Tecnologia,99002781614025,contato278@empresa.com.br,(11) 98031-3346,Juliana Lima,ATIVO,2023-05-02,2024-11-11
279,Lima Serviços LTDA,Lima Serviços,99002797797196,contato279@empresa.com.br,(11) 93971-9575,Carlos Mendes,ATIVO,2025-05-21,2026-08-26
280,Gomes Saúde LTDA,Gomes Saúde,99002808707685,contato280@empresa.com.br,(11) 97884-2858,Priscila Santos,INATIVO,2023-01-16,2024-09-25
281,Souza Construção LTDA,Souza Construção,99002812949601,contato281@empresa.com.br,(11) 99187-2003,Bruno Barbosa,ATIVO,2022-09-17,2023-12-19
282,Souza Alimentação LTDA,Souza Alimentação,99002826119503,contato282@empresa.com.br,(11) 95988-3560,Carlos Souza,ATIVO,2021-06-02,2022-02-01
283,Martins Tecnologia LTDA,Martins Tecnologia,99002836493017,contato283@empresa.com.br,(11) 93946-7241,Juliana Martins,INATIVO,2025-05-07,2026-09-11
284,Martins Saúde LTDA,Martins Saúde,99002846036080,contato284@empresa.com.br,(11) 97760-5021,Renata Martins,ATIVO,2024-12-06,2025-02-05
285,Almeida Tecnologia LTDA,Almeida Tecnologia,99002854916616,contato285@empresa.com.br,(11) 93975-4968,Rafael Dias,ATIVO,2021-03-20,2021-08-30
286,Rocha Saúde LTDA,Rocha Saúde,99002867938666,contato286@empresa.com.br,(11) 95174-5911,Carlos Rocha,ATIVO,2023-04-05,2024-11-07
287,Almeida Construção LTDA,Almeida Construção,99002879648302,contato287@empresa.com.br,(11) 91743-6576,Bruno Ribeiro,ATIVO,2023-07-01,2024-06-19
288,Barbosa Alimentação LTDA,Barbosa Alimentação,99002889368072,contato288@empresa.com.br,(11) 96777-6417,Bruno Dias,ATIVO,2023-06-11,2024-06-19
289,Dias Saúde LTDA,Dias Saúde,99002892080041,contato289@empresa.com.br,(11) 95333-5631,Rafael Lima,ATIVO,2025-10-12,2026-08-26
290,Teixeira Indústria LTDA,Teixeira Indústria,99002905441558,contato290@empresa.com.br,(11) 99658-5617,Patrícia Carvalho,ATIVO,2021-10-14,2023-08-23
291,Carvalho Logística LTDA,Carvalho Logística,99002912627959,contato291@empresa.com.br,(11) 91856-6283,Camila Costa,ATIVO,2022-08-06,2022-11-23
292,Almeida Saúde LTDA,Almeida Saúde,99002924887510,contato292@empresa.com.br,(11) 97600-7384,André Mendes,ATIVO,2021-12-10,2022-12-26
293,Almeida Serviços LTDA,Almeida Serviços,99002936129845,contato293@empresa.com.br,(11) 99468-9700,Thiago Oliveira,ATIVO,2022-04-09,2022-06-30
294,Oliveira Tecnologia LTDA,Oliveira Tecnologia,99002946639752,contato294@empresa.com.br,(11) 96773-3772,Carlos Pereira,ATIVO,2025-09-20,2026-06-29
295,Lima Indústria LTDA,Lima Indústria,99002957836786,contato295@empresa.com.br,(11) 99151-9499,Juliana Costa,ATIVO,2025-11-23,2026-05-24
296,Ribeiro Serviços LTDA,Ribeiro Serviços,99002967804837,contato296@empresa.com.br,(11) 99988-8262,Bruno Rocha,ATIVO,2021-03-26,2021-12-09
297,Costa Saúde LTDA,Costa Saúde,99002973582031,contato297@empresa.com.br,(11) 93365-6748,André Souza,ATIVO,2024-04-15,2025-08-08
298,Martins Construção LTDA,Martins Construção,99002989941701,contato298@empresa.com.br,(11) 95740-4067,Mariana Dias,ATIVO,2022-03-19,2022-06-12
299,Gomes Saúde LTDA,Gomes Saúde,99002998739734,contato299@empresa.com.br,(11) 92834-4411,Camila Teixeira,ATIVO,2022-01-01,2022-08-21
300,Ribeiro Saúde LTDA,Ribeiro Saúde,99003008495532,contato300@empresa.com.br,(11) 94957-3173,Carlos Souza,ATIVO,2022-07-09,2024-04-26
301,Dias Tecnologia LTDA,Dias Tecnologia,99003019865419,contato301@empresa.com.br,(11) 98185-9644,Priscila Teixeira,ATIVO,2022-01-05,2023-02-20
302,Souza Comércio LTDA,Souza Comércio,99003023887650,contato302@empresa.com.br,(11) 96046-2569,Renata Ribeiro,ATIVO,2023-07-21,2023-09-24
303,Ribeiro Logística LTDA,Ribeiro Logística,99003036730031,contato303@empresa.com.br,(11) 98268-4001,Camila Lima,ATIVO,2026-03-07,2026-08-24
304,Lima Indústria LTDA,Lima Indústria,99003045747894,contato304@empresa.com.br,(11) 95791-8653,Juliana Lima,ATIVO,2024-01-20,2024-06-08
305,Dias Tecnologia LTDA,Dias Tecnologia,99003051506969,contato305@empresa.com.br,(11) 99861-5985,Carlos Santos,ATIVO,2024-10-06,2026-03-23
306,Oliveira Comércio LTDA,Oliveira Comércio,99003069784819,contato306@empresa.com.br,(11) 93297-6902,André Santos,ATIVO,2023-07-27,2023-12-06
307,Teixeira Indústria LTDA,Teixeira Indústria,99003077185168,contato307@empresa.com.br,(11) 99307-6234,Rafael Almeida,ATIVO,2021-01-27,2021-03-15
308,Mendes Comércio LTDA,Mendes Comércio,99003081200099,contato308@empresa.com.br,(11) 95669-6458,Marcelo Santos,ATIVO,2021-06-09,2021-10-04
309,Costa Tecnologia LTDA,Costa Tecnologia,99003097073841,contato309@empresa.com.br,(11) 95066-8223,Bruno Lima,ATIVO,2022-05-26,2022-07-24
310,Gomes Alimentação LTDA,Gomes Alimentação,99003102135542,contato310@empresa.com.br,(11) 96345-9134,Mariana Ribeiro,INATIVO,2022-04-08,2022-08-19
311,Pereira Logística LTDA,Pereira Logística,99003117135260,contato311@empresa.com.br,(11) 98273-6939,Juliana Teixeira,ATIVO,2025-05-17,2025-10-13
312,Oliveira Saúde LTDA,Oliveira Saúde,99003122768267,contato312@empresa.com.br,(11) 95446-6035,Eduardo Dias,INATIVO,2025-05-22,2026-08-20
313,Souza Alimentação LTDA,Souza Alimentação,99003135295095,contato313@empresa.com.br,(11) 97603-1413,Aline Pereira,ATIVO,2025-06-11,2026-09-09
314,Santos Indústria LTDA,Santos Indústria,99003145338320,contato314@empresa.com.br,(11) 93928-4952,Lucas Pereira,ATIVO,2024-04-26,2024-05-18
315,Ribeiro Saúde LTDA,Ribeiro Saúde,99003153228967,contato315@empresa.com.br,(11) 95697-8293,Eduardo Gomes,INATIVO,2023-11-23,2025-05-21
316,Costa Saúde LTDA,Costa Saúde,99003161412600,contato316@empresa.com.br,(11) 96586-6430,Rafael Rocha,ATIVO,2024-05-18,2025-04-20
317,Barbosa Serviços LTDA,Barbosa Serviços,99003172604348,contato317@empresa.com.br,(11) 96175-5093,Mariana Rocha,ATIVO,2023-02-12,2023-07-26
318,Oliveira Tecnologia LTDA,Oliveira Tecnologia,99003181748817,contato318@empresa.com.br,(11) 96106-9330,Juliana Oliveira,ATIVO,2024-06-27,2026-01-26
319,Lima Serviços LTDA,Lima Serviços,99003196477276,contato319@empresa.com.br,(11) 93732-9323,Priscila Ribeiro,ATIVO,2025-02-18,2025-03-12
320,Ribeiro Alimentação LTDA,Ribeiro Alimentação,99003205583437,contato320@empresa.com.br,(11) 97436-9730,Mariana Rocha,ATIVO,2024-12-20,2026-06-09
321,Costa Alimentação LTDA,Costa Alimentação,99003213093611,contato321@empresa.com.br,(11) 98103-1703,Thiago Costa,ATIVO,2024-03-12,2025-04-05
322,Santos Construção LTDA,Santos Construção,99003221543840,contato322@empresa.com.br,(11) 95328-4754,Eduardo Dias,INATIVO,2021-04-21,2022-06-29
323,Gomes Logística LTDA,Gomes Logística,99003235515902,contato323@empresa.com.br,(11) 97378-1675,Juliana Gomes,ATIVO,2024-10-09,2026-03-13
324,Barbosa Saúde LTDA,Barbosa Saúde,99003242650733,contato324@empresa.com.br,(11) 97503-5587,Marcelo Ribeiro,ATIVO,2022-11-28,2023-10-30
325,Ribeiro Indústria LTDA,Ribeiro Indústria,99003259350887,contato325@empresa.com.br,(11) 91209-4320,Thiago Oliveira,ATIVO,2024-11-13,2026-04-12
326,Dias Serviços LTDA,Dias Serviços,99003264392990,contato326@empresa.com.br,(11) 96337-9482,Carlos Barbosa,ATIVO,2023-10-23,2024-09-17
327,Ribeiro Saúde LTDA,Ribeiro Saúde,99003271881174,contato327@empresa.com.br,(11) 94403-2798,Carlos Dias,ATIVO,2025-08-02,2026-08-27
328,Rocha Construção LTDA,Rocha Construção,99003283175296,contato328@empresa.com.br,(11) 99339-2116,Eduardo Martins,ATIVO,2022-10-06,2023-09-10
329,Souza Comércio LTDA,Souza Comércio,99003297236338,contato329@empresa.com.br,(11) 95057-1795,Renata Dias,ATIVO,2025-11-05,2026-09-11
330,Gomes Saúde LTDA,Gomes Saúde,99003308718854,contato330@empresa.com.br,(11) 94735-5277,André Souza,ATIVO,2025-05-24,2025-07-22
331,Mendes Construção LTDA,Mendes Construção,99003312262273,contato331@empresa.com.br,(11) 91229-8610,Fernanda Ribeiro,ATIVO,2022-09-22,2023-05-21
332,Barbosa Logística LTDA,Barbosa Logística,99003323857409,contato332@empresa.com.br,(11) 98207-9575,Marcelo Almeida,ATIVO,2023-07-06,2024-05-19
333,Souza Saúde LTDA,Souza Saúde,99003332707165,contato333@empresa.com.br,(11) 97204-5402,Rafael Pereira,ATIVO,2023-10-07,2025-06-18
334,Souza Serviços LTDA,Souza Serviços,99003343436883,contato334@empresa.com.br,(11) 92194-1426,Juliana Oliveira,ATIVO,2024-12-31,2026-04-29
335,Ribeiro Indústria LTDA,Ribeiro Indústria,99003355092526,contato335@empresa.com.br,(11) 97209-4728,Juliana Costa,ATIVO,2024-08-02,2025-06-12
336,Ribeiro Logística LTDA,Ribeiro Logística,99003363419743,contato336@empresa.com.br,(11) 97167-6528,Fernanda Lima,ATIVO,2025-06-07,2025-07-09
337,Souza Indústria LTDA,Souza Indústria,99003373958307,contato337@empresa.com.br,(11) 94719-1123,Renata Mendes,ATIVO,2022-12-04,2023-02-26
338,Carvalho Serviços LTDA,Carvalho Serviços,99003384022230,contato338@empresa.com.br,(11) 97882-8291,Bruno Pereira,INATIVO,2023-08-18,2024-05-25
339,Almeida Tecnologia LTDA,Almeida Tecnologia,99003398621975,contato339@empresa.com.br,(11) 92304-1196,Patrícia Costa,ATIVO,2023-03-30,2024-05-22
340,Gomes Logística LTDA,Gomes Logística,99003407808512,contato340@empresa.com.br,(11) 97641-1902,André Rocha,ATIVO,2025-09-25,2026-07-22
341,Santos Construção LTDA,Santos Construção,99003418505873,contato341@empresa.com.br,(11) 99818-6411,Thiago Pereira,ATIVO,2022-08-03,2022-08-28
342,Costa Construção LTDA,Costa Construção,99003429135062,contato342@empresa.com.br,(11) 95514-6690,Fernanda Mendes,ATIVO,2024-01-21,2025-07-27
343,Souza Alimentação LTDA,Souza Alimentação,99003439847933,contato343@empresa.com.br,(11) 94297-5003,Thiago Barbosa,ATIVO,2021-08-17,2021-09-25
344,Dias Logística LTDA,Dias Logística,99003445825520,contato344@empresa.com.br,(11) 91826-9887,Juliana Mendes,INATIVO,2025-06-04,2026-02-01
345,Costa Comércio LTDA,Costa Comércio,99003451700536,contato345@empresa.com.br,(11) 95611-3914,Bruno Santos,ATIVO,2023-01-01,2024-08-14
346,Almeida Tecnologia LTDA,Almeida Tecnologia,99003462361736,contato346@empresa.com.br,(11) 91167-2178,Thiago Souza,ATIVO,2022-10-10,2023-09-12
347,Costa Comércio LTDA,Costa Comércio,99003477533942,contato347@empresa.com.br,(11) 98097-5536,Thiago Dias,ATIVO,2024-01-13,2024-07-24
348,Almeida Comércio LTDA,Almeida Comércio,99003485930079,contato348@empresa.com.br,(11) 97572-5521,Camila Almeida,ATIVO,2023-08-06,2025-05-18
349,Dias Alimentação LTDA,Dias Alimentação,99003499765564,contato349@empresa.com.br,(11) 97533-8734,Fernanda Teixeira,INATIVO,2025-05-31,2026-05-24
350,Oliveira Tecnologia LTDA,Oliveira Tecnologia,99003502160092,contato350@empresa.com.br,(11) 98763-4508,Fernanda Lima,ATIVO,2023-10-07,2025-05-29
351,Pereira Logística LTDA,Pereira Logística,99003519206835,contato351@empresa.com.br,(11) 97360-3712,Thiago Costa,ATIVO,2023-09-10,2024-01-26
352,Costa Comércio LTDA,Costa Comércio,99003524628906,contato352@empresa.com.br,(11) 97428-7119,Camila Martins,ATIVO,2021-07-19,2021-12-14
353,Carvalho Serviços LTDA,Carvalho Serviços,99003535562604,contato353@empresa.com.br,(11) 95558-4196,Renata Pereira,ATIVO,2021-02-11,2021-08-21
354,Lima Indústria LTDA,Lima Indústria,99003543731184,contato354@empresa.com.br,(11) 96877-4251,Lucas Carvalho,INATIVO,2023-01-28,2023-12-25
355,Santos Construção LTDA,Santos Construção,99003551501344,contato355@empresa.com.br,(11) 91377-9099,Eduardo Souza,ATIVO,2026-03-12,2026-08-16
356,Lima Indústria LTDA,Lima Indústria,99003567671055,contato356@empresa.com.br,(11) 92115-9571,Mariana Martins,ATIVO,2025-10-09,2026-08-30
357,Costa Saúde LTDA,Costa Saúde,99003577723997,contato357@empresa.com.br,(11) 98261-9157,André Oliveira,ATIVO,2024-04-10,2024-11-10
358,Teixeira Serviços LTDA,Teixeira Serviços,99003586458788,contato358@empresa.com.br,(11) 97421-7165,Juliana Barbosa,ATIVO,2024-04-13,2025-02-03
359,Dias Tecnologia LTDA,Dias Tecnologia,99003594073844,contato359@empresa.com.br,(11) 95671-8427,Patrícia Oliveira,ATIVO,2023-01-14,2023-04-11
360,Ribeiro Construção LTDA,Ribeiro Construção,99003602601212,contato360@empresa.com.br,(11) 91127-1660,Bruno Martins,ATIVO,2021-12-04,2022-08-10
361,Teixeira Logística LTDA,Teixeira Logística,99003613381168,contato361@empresa.com.br,(11) 91974-7834,Fernanda Almeida,ATIVO,2021-01-17,2022-11-09
362,Costa Indústria LTDA,Costa Indústria,99003623465155,contato362@empresa.com.br,(11) 93513-3456,Marcelo Almeida,ATIVO,2022-10-06,2023-06-16
363,Costa Alimentação LTDA,Costa Alimentação,99003634407587,contato363@empresa.com.br,(11) 94050-4074,Camila Lima,ATIVO,2022-08-25,2024-07-11
364,Pereira Indústria LTDA,Pereira Indústria,99003641807581,contato364@empresa.com.br,(11) 92818-3623,Eduardo Almeida,ATIVO,2021-12-31,2022-06-14
365,Mendes Logística LTDA,Mendes Logística,99003659917286,contato365@empresa.com.br,(11) 95537-8188,André Teixeira,INATIVO,2022-05-08,2022-06-17
366,Ribeiro Alimentação LTDA,Ribeiro Alimentação,99003663831233,contato366@empresa.com.br,(11) 97882-7600,Mariana Mendes,INATIVO,2021-02-17,2021-04-14
367,Rocha Tecnologia LTDA,Rocha Tecnologia,99003679059540,contato367@empresa.com.br,(11) 97901-7427,Juliana Lima,INATIVO,2024-03-01,2024-06-03
368,Mendes Construção LTDA,Mendes Construção,99003683776136,contato368@empresa.com.br,(11) 99342-9947,Rafael Teixeira,ATIVO,2025-10-29,2026-09-13
369,Carvalho Construção LTDA,Carvalho Construção,99003691326682,contato369@empresa.com.br,(11) 92200-1307,Rafael Souza,ATIVO,2024-08-05,2025-11-10
370,Gomes Construção LTDA,Gomes Construção,99003707652913,contato370@empresa.com.br,(11) 95674-8710,Aline Mendes,ATIVO,2023-05-02,2024-06-30
371,Pereira Comércio LTDA,Pereira Comércio,99003717767665,contato371@empresa.com.br,(11) 98665-1382,Fernanda Dias,ATIVO,2023-03-10,2023-12-30
372,Gomes Tecnologia LTDA,Gomes Tecnologia,99003725163419,contato372@empresa.com.br,(11) 98653-4825,Fernanda Dias,ATIVO,2022-08-08,2023-05-15
373,Almeida Alimentação LTDA,Almeida Alimentação,99003732665986,contato373@empresa.com.br,(11) 99249-4833,Fernanda Rocha,ATIVO,2021-09-28,2023-06-16
374,Mendes Indústria LTDA,Mendes Indústria,99003747663516,contato374@empresa.com.br,(11) 95209-3316,Patrícia Almeida,ATIVO,2024-02-12,2024-12-06
375,Pereira Logística LTDA,Pereira Logística,99003751447317,contato375@empresa.com.br,(11) 96474-6091,Juliana Mendes,ATIVO,2023-12-13,2024-08-21
376,Ribeiro Tecnologia LTDA,Ribeiro Tecnologia,99003765349834,contato376@empresa.com.br,(11) 97024-9726,Marcelo Dias,ATIVO,2021-01-14,2021-07-20
377,Almeida Construção LTDA,Almeida Construção,99003775471387,contato377@empresa.com.br,(11) 92493-2278,Thiago Martins,ATIVO,2023-03-01,2024-10-09
378,Teixeira Logística LTDA,Teixeira Logística,99003786025082,contato378@empresa.com.br,(11) 93729-6256,Juliana Costa,ATIVO,2022-06-13,2024-01-08
379,Pereira Indústria LTDA,Pereira Indústria,99003792494183,contato379@empresa.com.br,(11) 94178-6074,Priscila Dias,ATIVO,2021-11-20,2022-02-17
380,Lima Saúde LTDA,Lima Saúde,99003803342070,contato380@empresa.com.br,(11) 92625-8342,Mariana Pereira,ATIVO,2024-08-28,2025-10-24
381,Almeida Comércio LTDA,Almeida Comércio,99003815579526,contato381@empresa.com.br,(11) 91628-6965,Patrícia Souza,ATIVO,2023-09-27,2024-04-02
382,Lima Comércio LTDA,Lima Comércio,99003824598549,contato382@empresa.com.br,(11) 93328-2673,Priscila Souza,ATIVO,2024-04-19,2026-01-06
383,Souza Indústria LTDA,Souza Indústria,99003832085481,contato383@empresa.com.br,(11) 95418-4983,Eduardo Pereira,ATIVO,2024-09-17,2026-02-04
384,Carvalho Serviços LTDA,Carvalho Serviços,99003847415923,contato384@empresa.com.br,(11) 95097-3829,Rafael Barbosa,ATIVO,2026-02-09,2026-08-24
385,Rocha Indústria LTDA,Rocha Indústria,99003855341383,contato385@empresa.com.br,(11) 99083-2026,Aline Teixeira,INATIVO,2025-03-06,2026-09-13
386,Martins Alimentação LTDA,Martins Alimentação,99003866893255,contato386@empresa.com.br,(11) 93935-4196,Thiago Pereira,ATIVO,2024-03-24,2024-11-06
387,Gomes Tecnologia LTDA,Gomes Tecnologia,99003877636865,contato387@empresa.com.br,(11) 95958-9084,Camila Souza,ATIVO,2025-07-29,2025-12-17
388,Rocha Indústria LTDA,Rocha Indústria,99003885298707,contato388@empresa.com.br,(11) 96318-1348,Lucas Martins,ATIVO,2023-06-27,2023-08-22
389,Santos Saúde LTDA,Santos Saúde,99003891922926,contato389@empresa.com.br,(11) 91846-8191,André Martins,INATIVO,2026-02-15,2026-09-02
390,Dias Alimentação LTDA,Dias Alimentação,99003907736629,contato390@empresa.com.br,(11) 92228-8654,Camila Teixeira,ATIVO,2024-12-17,2025-11-28
391,Pereira Alimentação LTDA,Pereira Alimentação,99003914315097,contato391@empresa.com.br,(11) 93671-8520,Marcelo Ribeiro,INATIVO,2024-05-21,2025-04-18
392,Almeida Tecnologia LTDA,Almeida Tecnologia,99003924319905,contato392@empresa.com.br,(11) 92692-2772,Patrícia Souza,ATIVO,2025-09-13,2026-09-04
393,Barbosa Indústria LTDA,Barbosa Indústria,99003933765276,contato393@empresa.com.br,(11) 93200-4108,Renata Pereira,ATIVO,2023-09-06,2024-06-09
394,Barbosa Logística LTDA,Barbosa Logística,99003949977802,contato394@empresa.com.br,(11) 93608-6287,Aline Almeida,INATIVO,2024-10-01,2025-06-29
395,Souza Alimentação LTDA,Souza Alimentação,99003953694383,contato395@empresa.com.br,(11) 99205-8142,Patrícia Santos,ATIVO,2022-06-25,2024-03-23
396,Pereira Comércio LTDA,Pereira Comércio,99003967398692,contato396@empresa.com.br,(11) 99879-8203,Camila Dias,ATIVO,2026-01-05,2026-08-30
397,Carvalho Comércio LTDA,Carvalho Comércio,99003971835068,contato397@empresa.com.br,(11) 92138-7337,Bruno Ribeiro,ATIVO,2024-03-30,2024-04-29
398,Mendes Comércio LTDA,Mendes Comércio,99003985569092,contato398@empresa.com.br,(11) 98823-6382,Rafael Barbosa,ATIVO,2025-01-25,2026-09-02
399,Gomes Alimentação LTDA,Gomes Alimentação,99003996511953,contato399@empresa.com.br,(11) 98581-5721,Bruno Mendes,ATIVO,2023-05-26,2024-07-16
400,Rocha Comércio LTDA,Rocha Comércio,99004001327871,contato400@empresa.com.br,(11) 92401-8742,Rafael Ribeiro,ATIVO,2025-07-05,2026-09-09
401,Mendes Saúde LTDA,Mendes Saúde,99004015395308,contato401@empresa.com.br,(11) 99072-4050,Camila Almeida,ATIVO,2021-05-21,2021-10-07
402,Barbosa Saúde LTDA,Barbosa Saúde,99004023784798,contato402@empresa.com.br,(11) 95452-8991,Carlos Barbosa,ATIVO,2021-08-05,2021-10-18
403,Barbosa Construção LTDA,Barbosa Construção,99004031749407,contato403@empresa.com.br,(11) 92746-9747,Carlos Souza,ATIVO,2023-08-22,2024-03-20
404,Oliveira Saúde LTDA,Oliveira Saúde,99004046280763,contato404@empresa.com.br,(11) 96457-3691,Eduardo Costa,ATIVO,2024-10-23,2025-06-02
405,Barbosa Comércio LTDA,Barbosa Comércio,99004051655384,contato405@empresa.com.br,(11) 99090-1043,Lucas Martins,ATIVO,2025-03-18,2025-04-26
406,Dias Saúde LTDA,Dias Saúde,99004069893258,contato406@empresa.com.br,(11) 92898-5244,Thiago Pereira,ATIVO,2023-04-17,2024-09-29
407,Costa Tecnologia LTDA,Costa Tecnologia,99004078851071,contato407@empresa.com.br,(11) 98077-5694,Camila Santos,ATIVO,2024-05-19,2025-01-08
408,Ribeiro Tecnologia LTDA,Ribeiro Tecnologia,99004083635009,contato408@empresa.com.br,(11) 96559-9954,Eduardo Gomes,ATIVO,2023-11-17,2025-08-07
409,Rocha Comércio LTDA,Rocha Comércio,99004094529545,contato409@empresa.com.br,(11) 97858-4168,Camila Almeida,ATIVO,2026-01-01,2026-05-15
410,Oliveira Indústria LTDA,Oliveira Indústria,99004103472327,contato410@empresa.com.br,(11) 98419-5466,Juliana Santos,ATIVO,2024-05-27,2025-11-15
411,Martins Alimentação LTDA,Martins Alimentação,99004118583969,contato411@empresa.com.br,(11) 91239-4629,Mariana Dias,ATIVO,2023-03-04,2023-04-29
412,Barbosa Comércio LTDA,Barbosa Comércio,99004123636902,contato412@empresa.com.br,(11) 92880-2100,Fernanda Lima,ATIVO,2026-01-17,2026-09-06
413,Costa Serviços LTDA,Costa Serviços,99004136162765,contato413@empresa.com.br,(11) 96223-2396,Camila Carvalho,ATIVO,2021-07-23,2023-02-27
414,Lima Indústria LTDA,Lima Indústria,99004148440860,contato414@empresa.com.br,(11) 91862-7207,Fernanda Oliveira,ATIVO,2026-02-14,2026-09-03
415,Costa Construção LTDA,Costa Construção,99004158492141,contato415@empresa.com.br,(11) 96880-1622,André Ribeiro,ATIVO,2021-10-20,2022-11-25
416,Pereira Serviços LTDA,Pereira Serviços,99004167277467,contato416@empresa.com.br,(11) 99534-3592,Rafael Ribeiro,ATIVO,2022-07-02,2023-11-26
417,Almeida Saúde LTDA,Almeida Saúde,99004171013919,contato417@empresa.com.br,(11) 98518-1678,Rafael Dias,ATIVO,2025-04-10,2026-08-25
418,Santos Indústria LTDA,Santos Indústria,99004181213808,contato418@empresa.com.br,(11) 98681-7614,Priscila Almeida,ATIVO,2024-10-26,2025-11-15
419,Costa Tecnologia LTDA,Costa Tecnologia,99004195934459,contato419@empresa.com.br,(11) 98158-8977,Aline Lima,ATIVO,2026-01-18,2026-08-12
420,Carvalho Comércio LTDA,Carvalho Comércio,99004205505947,contato420@empresa.com.br,(11) 92351-6148,Priscila Dias,ATIVO,2024-11-25,2025-09-07
421,Rocha Alimentação LTDA,Rocha Alimentação,99004211465747,contato421@empresa.com.br,(11) 98976-2009,Fernanda Carvalho,ATIVO,2024-04-25,2024-07-11
422,Gomes Alimentação LTDA,Gomes Alimentação,99004227166930,contato422@empresa.com.br,(11) 94766-1551,Aline Souza,ATIVO,2022-10-21,2024-05-23
423,Pereira Indústria LTDA,Pereira Indústria,99004235692988,contato423@empresa.com.br,(11) 93941-7265,Fernanda Carvalho,ATIVO,2021-01-09,2021-11-10
424,Souza Construção LTDA,Souza Construção,99004243257675,contato424@empresa.com.br,(11) 92349-8255,Marcelo Pereira,ATIVO,2021-08-24,2021-10-01
425,Rocha Serviços LTDA,Rocha Serviços,99004256419073,contato425@empresa.com.br,(11) 97244-9703,Eduardo Oliveira,ATIVO,2022-07-20,2023-06-06
426,Rocha Comércio LTDA,Rocha Comércio,99004263137820,contato426@empresa.com.br,(11) 91077-2021,Camila Oliveira,INATIVO,2021-03-19,2022-04-26
427,Almeida Indústria LTDA,Almeida Indústria,99004277860261,contato427@empresa.com.br,(11) 91403-4019,Juliana Dias,INATIVO,2023-08-24,2024-03-06
428,Barbosa Comércio LTDA,Barbosa Comércio,99004281646759,contato428@empresa.com.br,(11) 97803-8598,Marcelo Martins,ATIVO,2025-01-16,2025-09-19
429,Pereira Logística LTDA,Pereira Logística,99004291098412,contato429@empresa.com.br,(11) 99920-9739,Fernanda Martins,ATIVO,2026-01-05,2026-05-30
430,Souza Tecnologia LTDA,Souza Tecnologia,99004302705421,contato430@empresa.com.br,(11) 95996-6505,Patrícia Santos,ATIVO,2023-07-20,2024-04-24
431,Martins Serviços LTDA,Martins Serviços,99004318130436,contato431@empresa.com.br,(11) 99031-4508,Lucas Mendes,ATIVO,2025-07-21,2026-06-18
432,Mendes Serviços LTDA,Mendes Serviços,99004323225403,contato432@empresa.com.br,(11) 98852-3967,Patrícia Ribeiro,INATIVO,2026-02-16,2026-09-07
433,Ribeiro Alimentação LTDA,Ribeiro Alimentação,99004335854615,contato433@empresa.com.br,(11) 94751-2772,Renata Teixeira,ATIVO,2025-06-22,2026-09-01
434,Ribeiro Alimentação LTDA,Ribeiro Alimentação,99004345384038,contato434@empresa.com.br,(11) 93130-9789,André Santos,ATIVO,2023-06-03,2024-03-07
435,Ribeiro Serviços LTDA,Ribeiro Serviços,99004351606368,contato435@empresa.com.br,(11) 92114-1884,Marcelo Teixeira,ATIVO,2022-09-10,2024-02-28
436,Costa Construção LTDA,Costa Construção,99004367887890,contato436@empresa.com.br,(11) 99101-9357,Marcelo Santos,ATIVO,2026-02-02,2026-05-28
437,Barbosa Comércio LTDA,Barbosa Comércio,99004371617587,contato437@empresa.com.br,(11) 96684-3358,Mariana Barbosa,ATIVO,2022-04-05,2023-11-19
438,Mendes Comércio LTDA,Mendes Comércio,99004388453779,contato438@empresa.com.br,(11) 96275-5214,Priscila Barbosa,ATIVO,2023-02-21,2024-10-29
439,Pereira Alimentação LTDA,Pereira Alimentação,99004397275462,contato439@empresa.com.br,(11) 96287-2714,Carlos Dias,ATIVO,2021-05-21,2021-07-10
440,Gomes Tecnologia LTDA,Gomes Tecnologia,99004404934151,contato440@empresa.com.br,(11) 99978-5485,Renata Mendes,ATIVO,2025-02-16,2025-11-15
441,Oliveira Comércio LTDA,Oliveira Comércio,99004412821647,contato441@empresa.com.br,(11) 95331-8542,Lucas Ribeiro,ATIVO,2024-05-19,2025-01-17
442,Martins Comércio LTDA,Martins Comércio,99004421441666,contato442@empresa.com.br,(11) 96246-7811,Bruno Lima,ATIVO,2021-06-11,2023-01-28
443,Martins Indústria LTDA,Martins Indústria,99004436916004,contato443@empresa.com.br,(11) 96773-3568,Eduardo Barbosa,ATIVO,2022-02-26,2022-07-16
444,Mendes Construção LTDA,Mendes Construção,99004446622845,contato444@empresa.com.br,(11) 96455-7998,Thiago Ribeiro,ATIVO,2023-11-22,2023-12-19
445,Santos Comércio LTDA,Santos Comércio,99004453458408,contato445@empresa.com.br,(11) 98856-5992,Marcelo Ribeiro,ATIVO,2023-10-24,2025-09-06
446,Gomes Indústria LTDA,Gomes Indústria,99004461813672,contato446@empresa.com.br,(11) 92995-1134,Camila Martins,ATIVO,2025-03-04,2025-07-17
447,Barbosa Alimentação LTDA,Barbosa Alimentação,99004478446966,contato447@empresa.com.br,(11) 96321-3662,Camila Martins,ATIVO,2022-05-21,2024-03-23
448,Pereira Saúde LTDA,Pereira Saúde,99004485016249,contato448@empresa.com.br,(11) 97509-4329,Marcelo Rocha,ATIVO,2025-10-23,2025-11-26
449,Ribeiro Indústria LTDA,Ribeiro Indústria,99004494314091,contato449@empresa.com.br,(11) 92286-4381,André Almeida,ATIVO,2023-04-25,2024-10-26
450,Costa Serviços LTDA,Costa Serviços,99004504360451,contato450@empresa.com.br,(11) 95545-9870,Priscila Dias,ATIVO,2025-04-12,2026-01-10
451,Costa Alimentação LTDA,Costa Alimentação,99004511951751,contato451@empresa.com.br,(11) 98340-8697,Carlos Pereira,ATIVO,2022-03-29,2022-05-03
452,Lima Construção LTDA,Lima Construção,99004527952551,contato452@empresa.com.br,(11) 91997-9310,Aline Mendes,ATIVO,2021-03-12,2022-04-21
453,Martins Alimentação LTDA,Martins Alimentação,99004539631863,contato453@empresa.com.br,(11) 91458-9696,Juliana Lima,ATIVO,2021-04-15,2021-09-04
454,Teixeira Alimentação LTDA,Teixeira Alimentação,99004548952995,contato454@empresa.com.br,(11) 95969-6781,Renata Ribeiro,ATIVO,2022-12-10,2024-11-03
455,Costa Saúde LTDA,Costa Saúde,99004558375055,contato455@empresa.com.br,(11) 91304-6645,Renata Carvalho,ATIVO,2025-12-16,2026-05-11
456,Gomes Construção LTDA,Gomes Construção,99004569554465,contato456@empresa.com.br,(11) 93494-8605,Bruno Rocha,ATIVO,2021-04-03,2022-08-20
457,Almeida Logística LTDA,Almeida Logística,99004579463161,contato457@empresa.com.br,(11) 95791-8024,Renata Teixeira,ATIVO,2022-12-03,2023-01-20
458,Gomes Alimentação LTDA,Gomes Alimentação,99004585163400,contato458@empresa.com.br,(11) 92074-3286,Renata Lima,INATIVO,2021-07-27,2023-03-30
459,Santos Saúde LTDA,Santos Saúde,99004593094589,contato459@empresa.com.br,(11) 92312-1188,André Rocha,ATIVO,2025-11-05,2026-07-21
460,Costa Alimentação LTDA,Costa Alimentação,99004605937525,contato460@empresa.com.br,(11) 92468-4585,Thiago Costa,ATIVO,2024-07-07,2025-03-16
461,Martins Construção LTDA,Martins Construção,99004614312839,contato461@empresa.com.br,(11) 99208-4907,Aline Gomes,ATIVO,2024-12-20,2025-07-19
462,Oliveira Alimentação LTDA,Oliveira Alimentação,99004629220902,contato462@empresa.com.br,(11) 98460-3294,Mariana Teixeira,ATIVO,2024-09-17,2026-07-12
463,Gomes Logística LTDA,Gomes Logística,99004636581319,contato463@empresa.com.br,(11) 97213-5738,Eduardo Gomes,ATIVO,2024-06-02,2025-06-01
464,Almeida Comércio LTDA,Almeida Comércio,99004649622832,contato464@empresa.com.br,(11) 98032-2289,Priscila Martins,ATIVO,2025-01-10,2025-05-20
465,Lima Indústria LTDA,Lima Indústria,99004651111574,contato465@empresa.com.br,(11) 95564-1000,Aline Ribeiro,ATIVO,2021-01-16,2021-09-01
466,Lima Logística LTDA,Lima Logística,99004664057453,contato466@empresa.com.br,(11) 95747-8984,Marcelo Costa,ATIVO,2025-07-03,2025-10-16
467,Lima Comércio LTDA,Lima Comércio,99004679729385,contato467@empresa.com.br,(11) 93876-9439,Bruno Oliveira,INATIVO,2024-11-06,2026-01-14
468,Souza Logística LTDA,Souza Logística,99004685889782,contato468@empresa.com.br,(11) 96793-7824,Carlos Carvalho,ATIVO,2024-11-05,2025-01-29
469,Dias Indústria LTDA,Dias Indústria,99004693566989,contato469@empresa.com.br,(11) 91225-3144,Patrícia Barbosa,ATIVO,2023-01-18,2024-12-12
470,Souza Indústria LTDA,Souza Indústria,99004705173477,contato470@empresa.com.br,(11) 96536-7104,Marcelo Almeida,ATIVO,2025-03-02,2026-08-28
471,Santos Saúde LTDA,Santos Saúde,99004713233184,contato471@empresa.com.br,(11) 93907-4564,Patrícia Gomes,ATIVO,2022-12-27,2024-02-26
472,Carvalho Comércio LTDA,Carvalho Comércio,99004727534380,contato472@empresa.com.br,(11) 91723-9959,Rafael Carvalho,INATIVO,2021-04-04,2022-07-09
473,Lima Comércio LTDA,Lima Comércio,99004736927704,contato473@empresa.com.br,(11) 98440-4330,Patrícia Gomes,ATIVO,2025-09-21,2026-09-01
474,Ribeiro Serviços LTDA,Ribeiro Serviços,99004746579243,contato474@empresa.com.br,(11) 98729-9360,Fernanda Barbosa,ATIVO,2022-03-22,2023-10-05
475,Santos Serviços LTDA,Santos Serviços,99004759335638,contato475@empresa.com.br,(11) 98524-4194,Camila Almeida,INATIVO,2021-07-13,2022-02-06
476,Santos Saúde LTDA,Santos Saúde,99004762751653,contato476@empresa.com.br,(11) 95006-8802,André Almeida,ATIVO,2024-03-27,2025-05-26
477,Pereira Serviços LTDA,Pereira Serviços,99004772493936,contato477@empresa.com.br,(11) 94620-8691,Carlos Carvalho,ATIVO,2022-03-20,2022-05-29
478,Mendes Saúde LTDA,Mendes Saúde,99004789038171,contato478@empresa.com.br,(11) 98363-3658,Aline Gomes,ATIVO,2025-06-19,2026-09-12
479,Barbosa Alimentação LTDA,Barbosa Alimentação,99004795464225,contato479@empresa.com.br,(11) 99429-9481,Rafael Pereira,ATIVO,2023-04-24,2024-02-08
480,Martins Alimentação LTDA,Martins Alimentação,99004804926616,contato480@empresa.com.br,(11) 95700-5110,Camila Rocha,ATIVO,2021-01-09,2022-04-24
481,Barbosa Construção LTDA,Barbosa Construção,99004815415309,contato481@empresa.com.br,(11) 95158-6527,Mariana Santos,ATIVO,2025-12-14,2026-04-02
482,Mendes Serviços LTDA,Mendes Serviços,99004828079381,contato482@empresa.com.br,(11) 93723-8978,Renata Almeida,INATIVO,2023-09-05,2024-05-14
483,Teixeira Construção LTDA,Teixeira Construção,99004835752057,contato483@empresa.com.br,(11) 91776-3439,Bruno Souza,ATIVO,2022-05-15,2023-11-09
484,Oliveira Tecnologia LTDA,Oliveira Tecnologia,99004843697803,contato484@empresa.com.br,(11) 96021-8406,Carlos Lima,ATIVO,2024-07-10,2026-03-06
485,Teixeira Alimentação LTDA,Teixeira Alimentação,99004854159002,contato485@empresa.com.br,(11) 94158-3054,Priscila Teixeira,ATIVO,2023-10-06,2025-08-08
486,Martins Alimentação LTDA,Martins Alimentação,99004869105579,contato486@empresa.com.br,(11) 97426-6042,Eduardo Oliveira,ATIVO,2021-02-26,2021-12-24
487,Pereira Indústria LTDA,Pereira Indústria,99004871537748,contato487@empresa.com.br,(11) 99939-1741,Fernanda Gomes,ATIVO,2024-12-14,2025-06-08
488,Martins Tecnologia LTDA,Martins Tecnologia,99004888499737,contato488@empresa.com.br,(11) 97289-5688,Priscila Ribeiro,INATIVO,2023-02-02,2024-04-21
489,Oliveira Tecnologia LTDA,Oliveira Tecnologia,99004893173972,contato489@empresa.com.br,(11) 93244-8405,Bruno Martins,ATIVO,2024-08-22,2025-01-23
490,Lima Serviços LTDA,Lima Serviços,99004907418563,contato490@empresa.com.br,(11) 96173-3581,Lucas Rocha,INATIVO,2025-08-29,2026-08-17
491,Rocha Indústria LTDA,Rocha Indústria,99004913619452,contato491@empresa.com.br,(11) 97563-9300,Marcelo Teixeira,ATIVO,2024-03-06,2024-11-05
492,Mendes Comércio LTDA,Mendes Comércio,99004926981216,contato492@empresa.com.br,(11) 99936-2595,Juliana Rocha,INATIVO,2024-06-30,2024-08-25
493,Lima Serviços LTDA,Lima Serviços,99004938325240,contato493@empresa.com.br,(11) 95075-9198,Camila Barbosa,ATIVO,2022-04-29,2022-06-24
494,Teixeira Serviços LTDA,Teixeira Serviços,99004944549832,contato494@empresa.com.br,(11) 91953-7863,Camila Martins,ATIVO,2022-03-28,2023-04-12
495,Costa Indústria LTDA,Costa Indústria,99004958566264,contato495@empresa.com.br,(11) 94546-6088,Lucas Lima,ATIVO,2023-02-28,2024-11-28
496,Costa Serviços LTDA,Costa Serviços,99004965424492,contato496@empresa.com.br,(11) 99055-6465,Eduardo Mendes,ATIVO,2025-06-09,2026-03-15
497,Santos Saúde LTDA,Santos Saúde,99004976173386,contato497@empresa.com.br,(11) 96527-6101,Camila Carvalho,INATIVO,2023-09-23,2024-04-28
498,Carvalho Indústria LTDA,Carvalho Indústria,99004984587802,contato498@empresa.com.br,(11) 96237-3038,Bruno Carvalho,ATIVO,2022-10-24,2023-06-04
499,Ribeiro Comércio LTDA,Ribeiro Comércio,99004995249299,contato499@empresa.com.br,(11) 97710-1593,Aline Rocha,ATIVO,2025-01-21,2026-05-25
500,Pereira Saúde LTDA,Pereira Saúde,99005008205193,contato500@empresa.com.br,(11) 92381-1777,Eduardo Rocha,ATIVO,2025-06-10,2025-12-25
