proposal_id,credit_request_id,approved_amount,interest_rate,interest_period,fees_amount,proposal_date,expiration_date,status
1,1,70000.0,2.64,MENSAL,453.7,2026-01-12,2026-01-24,ACEITA
2,2,90000.0,23.94,ANUAL,1254.31,2026-02-05,2026-02-16,AGUARDANDO_ACEITE
3,3,50000.0,23.99,ANUAL,659.04,2024-05-10,2024-05-23,ACEITA
4,4,100000.0,2.17,MENSAL,673.42,2025-02-18,2025-03-05,EXPIRADA
5,5,107000.0,1.24,MENSAL,1010.87,2026-03-03,2026-03-12,ACEITA
6,7,80000.0,3.26,MENSAL,1105.54,2025-09-15,2025-09-25,ACEITA
7,8,120000.0,2.86,MENSAL,2382.98,2026-01-20,2026-01-28,ACEITA
8,9,40000.0,1.62,MENSAL,389.65,2024-02-10,2024-02-22,ACEITA
9,10,38000.0,1.61,MENSAL,820.61,2024-06-11,2024-06-21,ACEITA
10,11,85000.0,2.12,MENSAL,1352.86,2026-02-01,2026-02-11,ACEITA
11,12,100000.0,1.89,MENSAL,2020.84,2025-12-10,2025-12-23,EXPIRADA
12,13,40000.0,2.25,MENSAL,578.04,2023-01-15,2023-01-25,ACEITA
13,14,60000.0,2.93,MENSAL,899.03,2024-04-20,2024-05-01,ACEITA
14,17,80000.0,2.05,MENSAL,1391.55,2026-02-12,2026-02-22,RECUSADA
15,18,50000.0,1.84,MENSAL,1177.97,2026-03-15,2026-03-24,EXPIRADA
16,19,70000.0,16.62,ANUAL,1038.54,2025-01-15,2025-01-23,ACEITA
17,20,90000.0,2.41,MENSAL,1401.58,2026-01-15,2026-01-29,ACEITA
18,23,82000.0,1.83,MENSAL,1397.28,2026-02-20,2026-02-27,AGUARDANDO_ACEITE
19,24,50000.0,1.49,MENSAL,987.52,2026-04-05,2026-04-14,ACEITA
20,25,90000.0,1.8,MENSAL,579.33,2026-01-08,2026-01-21,AGUARDANDO_ACEITE
21,28,75000.0,1.62,MENSAL,1148.53,2026-01-10,2026-01-18,RECUSADA
22,30,70000.0,2.77,MENSAL,1024.23,2025-02-10,2025-02-22,ACEITA
23,31,70000.0,2.27,MENSAL,1640.36,2025-01-10,2025-01-23,RECUSADA
24,33,75000.0,1.71,MENSAL,1115.26,2024-06-28,2024-07-10,AGUARDANDO_ACEITE
25,34,40000.0,3.41,MENSAL,574.66,2025-12-11,2025-12-20,EXPIRADA
26,35,31000.0,24.66,ANUAL,751.56,2021-01-03,2021-01-10,EXPIRADA
27,37,40000.0,21.95,ANUAL,560.46,2024-12-20,2025-01-03,AGUARDANDO_ACEITE
28,41,75000.0,2.99,MENSAL,646.33,2026-03-07,2026-03-16,AGUARDANDO_ACEITE
29,42,25000.0,23.28,ANUAL,233.46,2021-11-09,2021-11-23,AGUARDANDO_ACEITE
30,44,40000.0,1.7,MENSAL,276.15,2021-01-16,2021-01-24,EXPIRADA
31,47,120000.0,3.01,MENSAL,601.36,2025-02-21,2025-03-01,ACEITA
32,48,50000.0,2.54,MENSAL,681.95,2026-07-17,2026-07-31,ACEITA
33,51,100000.0,17.68,ANUAL,2038.49,2022-02-07,2022-02-22,ACEITA
34,52,120000.0,1.37,MENSAL,2360.32,2026-02-17,2026-03-03,RECUSADA
35,53,200000.0,2.93,MENSAL,1128.6,2021-08-20,2021-09-02,ACEITA
36,56,97000.0,16.62,ANUAL,1590.77,2025-01-08,2025-01-17,ACEITA
37,57,26000.0,3.17,MENSAL,210.23,2025-01-12,2025-01-27,EXPIRADA
38,59,80000.0,2.78,MENSAL,1905.72,2022-09-28,2022-10-11,ACEITA
39,62,60000.0,3.31,MENSAL,500.84,2023-12-31,2024-01-08,EXPIRADA
40,63,120000.0,2.45,MENSAL,2103.93,2025-12-29,2026-01-06,AGUARDANDO_ACEITE
41,64,50000.0,3.38,MENSAL,576.24,2025-04-28,2025-05-12,ACEITA
42,65,120000.0,24.15,ANUAL,2139.75,2023-03-18,2023-03-27,EXPIRADA
43,66,60000.0,2.77,MENSAL,794.71,2023-05-01,2023-05-14,RECUSADA
44,67,120000.0,17.26,ANUAL,2423.14,2023-02-14,2023-02-22,RECUSADA
45,68,40000.0,2.3,MENSAL,384.54,2021-11-05,2021-11-14,ACEITA
46,70,120000.0,20.48,ANUAL,2773.9,2023-07-07,2023-07-16,ACEITA
47,71,120000.0,2.68,MENSAL,1800.5,2024-10-28,2024-11-06,ACEITA
48,72,120000.0,1.55,MENSAL,2414.62,2024-08-22,2024-09-04,ACEITA
49,73,150000.0,2.34,MENSAL,3299.19,2022-02-10,2022-02-25,ACEITA
50,74,41000.0,15.81,ANUAL,1024.04,2023-06-25,2023-07-10,ACEITA
51,75,86000.0,1.58,MENSAL,815.19,2026-02-17,2026-03-02,ACEITA
52,77,37000.0,1.33,MENSAL,397.3,2026-02-03,2026-02-11,ACEITA
53,79,200000.0,3.09,MENSAL,2001.73,2024-01-12,2024-01-27,ACEITA
54,81,30000.0,1.93,MENSAL,307.72,2023-08-14,2023-08-25,ACEITA
55,86,100000.0,21.66,ANUAL,1664.89,2026-08-08,2026-08-19,EXPIRADA
56,87,40000.0,1.83,MENSAL,994.82,2023-07-21,2023-08-03,ACEITA
57,90,30000.0,3.33,MENSAL,744.17,2021-05-27,2021-06-09,ACEITA
58,92,150000.0,2.66,MENSAL,2330.32,2024-12-30,2025-01-14,RECUSADA
59,93,134000.0,3.33,MENSAL,2382.59,2022-09-09,2022-09-21,EXPIRADA
60,94,23000.0,3.02,MENSAL,510.59,2021-05-25,2021-06-06,ACEITA
61,95,200000.0,3.19,MENSAL,4731.73,2021-09-05,2021-09-18,ACEITA
62,96,30000.0,1.39,MENSAL,272.32,2024-11-16,2024-11-25,AGUARDANDO_ACEITE
63,98,40000.0,1.45,MENSAL,622.83,2022-12-01,2022-12-10,AGUARDANDO_ACEITE
64,99,200000.0,22.86,ANUAL,4331.35,2023-11-07,2023-11-19,RECUSADA
65,101,50000.0,2.84,MENSAL,553.2,2024-03-25,2024-04-01,EXPIRADA
66,102,100000.0,2.98,MENSAL,1379.62,2024-12-05,2024-12-14,AGUARDANDO_ACEITE
67,104,80000.0,2.41,MENSAL,1976.99,2025-03-02,2025-03-15,RECUSADA
68,105,40000.0,1.82,MENSAL,988.04,2021-05-09,2021-05-24,AGUARDANDO_ACEITE
69,107,138000.0,2.21,MENSAL,3190.85,2024-06-06,2024-06-17,ACEITA
70,108,120000.0,3.39,MENSAL,2516.28,2025-07-23,2025-08-02,RECUSADA
71,109,49000.0,23.49,ANUAL,508.75,2026-07-05,2026-07-15,ACEITA
72,110,40000.0,2.01,MENSAL,456.68,2023-06-20,2023-07-03,AGUARDANDO_ACEITE
73,111,75000.0,2.36,MENSAL,1195.92,2021-02-01,2021-02-12,ACEITA
74,114,200000.0,2.63,MENSAL,3243.11,2023-08-27,2023-09-03,EXPIRADA
75,115,46000.0,2.37,MENSAL,695.06,2024-10-15,2024-10-26,ACEITA
76,117,60000.0,2.05,MENSAL,1064.0,2023-09-07,2023-09-17,ACEITA
77,118,60000.0,2.5,MENSAL,789.99,2022-12-09,2022-12-22,ACEITA
78,122,30000.0,2.53,MENSAL,599.5,2023-05-14,2023-05-28,ACEITA
79,125,150000.0,2.17,MENSAL,1750.65,2023-07-04,2023-07-19,ACEITA
80,126,30000.0,1.43,MENSAL,348.41,2021-05-07,2021-05-19,RECUSADA
81,127,80000.0,2.71,MENSAL,603.56,2025-07-12,2025-07-22,RECUSADA
82,128,120000.0,3.14,MENSAL,1052.91,2021-05-12,2021-05-22,EXPIRADA
83,130,200000.0,1.59,MENSAL,4402.08,2022-02-16,2022-02-24,EXPIRADA
84,131,163000.0,2.64,MENSAL,2269.88,2022-04-03,2022-04-18,ACEITA
85,133,30000.0,2.09,MENSAL,286.72,2026-01-25,2026-02-08,ACEITA
86,135,51000.0,2.32,MENSAL,1029.53,2025-05-06,2025-05-20,ACEITA
87,136,50000.0,2.66,MENSAL,803.98,2021-02-17,2021-02-26,ACEITA
88,137,100000.0,1.7,MENSAL,542.31,2023-09-13,2023-09-22,EXPIRADA
89,138,140000.0,1.95,MENSAL,1585.81,2022-07-18,2022-08-01,RECUSADA
90,139,100000.0,2.47,MENSAL,854.0,2024-11-23,2024-12-04,EXPIRADA
91,140,135000.0,2.9,MENSAL,2445.86,2023-12-19,2024-01-01,ACEITA
92,141,30000.0,1.84,MENSAL,315.02,2023-05-20,2023-05-31,ACEITA
93,142,40000.0,2.18,MENSAL,251.96,2021-03-10,2021-03-20,ACEITA
94,145,200000.0,1.76,MENSAL,1219.74,2025-02-26,2025-03-10,ACEITA
95,146,150000.0,1.92,MENSAL,2495.18,2023-09-08,2023-09-22,ACEITA
96,147,150000.0,2.03,MENSAL,815.17,2026-02-03,2026-02-13,ACEITA
97,148,120000.0,2.26,MENSAL,2637.1,2025-11-30,2025-12-14,AGUARDANDO_ACEITE
98,149,28000.0,1.28,MENSAL,227.02,2023-11-14,2023-11-23,EXPIRADA
99,151,28000.0,2.01,MENSAL,479.68,2022-07-15,2022-07-25,ACEITA
100,153,200000.0,2.98,MENSAL,2778.75,2024-02-19,2024-03-05,ACEITA
101,154,75000.0,1.9,MENSAL,1039.28,2023-06-28,2023-07-13,RECUSADA
102,158,200000.0,3.12,MENSAL,1287.19,2025-05-23,2025-06-07,AGUARDANDO_ACEITE
103,159,75000.0,1.93,MENSAL,1579.13,2022-06-12,2022-06-21,EXPIRADA
104,160,120000.0,2.86,MENSAL,2743.33,2025-03-21,2025-04-04,RECUSADA
105,161,150000.0,3.11,MENSAL,783.05,2025-06-17,2025-07-02,AGUARDANDO_ACEITE
106,164,100000.0,2.98,MENSAL,857.21,2024-02-29,2024-03-15,RECUSADA
107,165,200000.0,3.41,MENSAL,4615.62,2022-08-26,2022-09-02,RECUSADA
108,167,75000.0,2.83,MENSAL,1199.24,2025-10-19,2025-11-01,RECUSADA
109,170,70000.0,3.23,MENSAL,560.06,2022-05-18,2022-06-02,EXPIRADA
110,171,80000.0,1.65,MENSAL,724.46,2021-12-19,2022-01-01,RECUSADA
111,172,80000.0,3.49,MENSAL,1455.98,2025-09-22,2025-10-01,ACEITA
112,173,25000.0,3.22,MENSAL,487.41,2021-08-12,2021-08-25,ACEITA
113,175,120000.0,1.51,MENSAL,2038.62,2024-05-30,2024-06-06,RECUSADA
114,176,80000.0,2.33,MENSAL,1925.04,2025-12-28,2026-01-08,EXPIRADA
115,177,69000.0,2.7,MENSAL,1026.81,2024-09-01,2024-09-13,ACEITA
116,178,150000.0,2.79,MENSAL,1650.82,2025-10-13,2025-10-24,RECUSADA
117,181,60000.0,1.33,MENSAL,872.68,2022-08-26,2022-09-08,ACEITA
118,182,60000.0,2.49,MENSAL,731.6,2025-09-13,2025-09-22,RECUSADA
119,185,60000.0,2.14,MENSAL,569.3,2024-04-24,2024-05-06,EXPIRADA
120,188,150000.0,1.3,MENSAL,887.89,2025-11-19,2025-12-01,ACEITA
121,190,50000.0,2.16,MENSAL,602.21,2023-10-24,2023-11-05,ACEITA
122,192,60000.0,3.0,MENSAL,1153.69,2024-11-24,2024-12-03,ACEITA
123,195,104000.0,3.11,MENSAL,558.35,2022-02-20,2022-03-01,ACEITA
124,196,30000.0,3.46,MENSAL,413.51,2024-04-22,2024-05-01,ACEITA
125,198,85000.0,1.9,MENSAL,1519.82,2023-06-19,2023-06-30,AGUARDANDO_ACEITE
126,199,150000.0,1.27,MENSAL,2581.21,2022-05-22,2022-06-03,ACEITA
127,200,120000.0,2.75,MENSAL,2463.96,2024-01-13,2024-01-23,ACEITA
128,201,102000.0,2.59,MENSAL,2163.46,2023-05-06,2023-05-16,ACEITA
129,202,40000.0,1.53,MENSAL,769.36,2023-09-06,2023-09-15,RECUSADA
130,203,40000.0,2.7,MENSAL,282.24,2022-03-10,2022-03-18,RECUSADA
131,205,120000.0,2.46,MENSAL,1740.05,2023-02-05,2023-02-17,RECUSADA
132,206,40000.0,2.21,MENSAL,682.72,2025-02-21,2025-03-07,RECUSADA
133,207,80000.0,1.91,MENSAL,792.91,2025-04-10,2025-04-19,RECUSADA
134,208,30000.0,17.61,ANUAL,175.53,2023-02-22,2023-03-08,ACEITA
135,209,200000.0,24.15,ANUAL,1894.36,2022-05-03,2022-05-15,ACEITA
136,210,68000.0,1.42,MENSAL,958.66,2021-02-20,2021-02-28,ACEITA
137,211,80000.0,22.57,ANUAL,1062.29,2026-07-17,2026-07-27,ACEITA
138,218,120000.0,1.34,MENSAL,1024.0,2025-01-26,2025-02-02,ACEITA
139,220,120000.0,3.26,MENSAL,2578.6,2025-11-02,2025-11-09,EXPIRADA
140,221,54000.0,1.8,MENSAL,1269.74,2023-11-15,2023-11-25,RECUSADA
141,222,50000.0,2.91,MENSAL,451.35,2023-09-14,2023-09-25,AGUARDANDO_ACEITE
142,223,60000.0,2.65,MENSAL,1415.49,2026-07-19,2026-08-02,ACEITA
143,227,75000.0,24.03,ANUAL,401.79,2024-09-16,2024-09-24,ACEITA
144,228,200000.0,17.03,ANUAL,4699.85,2023-12-13,2023-12-27,RECUSADA
145,229,30000.0,2.63,MENSAL,721.16,2024-06-26,2024-07-05,EXPIRADA
146,231,50000.0,3.1,MENSAL,262.05,2023-05-02,2023-05-10,ACEITA
147,233,50000.0,1.65,MENSAL,1013.02,2024-06-19,2024-07-02,ACEITA
148,234,30000.0,3.29,MENSAL,732.12,2024-03-02,2024-03-15,ACEITA
149,236,80000.0,2.02,MENSAL,1849.44,2021-08-08,2021-08-20,ACEITA
150,237,51000.0,19.17,ANUAL,1245.12,2022-07-10,2022-07-18,EXPIRADA
151,238,120000.0,1.43,MENSAL,1920.78,2023-05-18,2023-05-26,RECUSADA
152,240,100000.0,2.1,MENSAL,656.31,2024-10-31,2024-11-10,ACEITA
153,241,42000.0,3.14,MENSAL,923.82,2025-12-28,2026-01-08,ACEITA
154,242,75000.0,16.07,ANUAL,1295.74,2022-08-04,2022-08-19,AGUARDANDO_ACEITE
155,243,32000.0,2.95,MENSAL,553.43,2023-06-29,2023-07-08,ACEITA
156,244,30000.0,1.23,MENSAL,400.35,2024-12-18,2024-12-26,ACEITA
157,245,50000.0,1.47,MENSAL,821.84,2021-01-17,2021-02-01,ACEITA
158,246,100000.0,1.47,MENSAL,807.16,2022-06-12,2022-06-20,EXPIRADA
159,247,150000.0,2.88,MENSAL,2969.31,2021-12-01,2021-12-08,ACEITA
160,248,200000.0,3.18,MENSAL,1300.07,2021-01-04,2021-01-14,ACEITA
161,250,27000.0,2.69,MENSAL,529.08,2024-04-01,2024-04-11,ACEITA
162,251,100000.0,1.79,MENSAL,2197.96,2021-10-21,2021-11-02,ACEITA
163,252,120000.0,2.16,MENSAL,1733.92,2026-05-02,2026-05-16,EXPIRADA
164,256,43000.0,1.7,MENSAL,653.45,2023-03-23,2023-04-07,ACEITA
165,257,75000.0,3.02,MENSAL,843.32,2025-05-04,2025-05-13,RECUSADA
166,258,50000.0,2.29,MENSAL,1219.46,2026-03-08,2026-03-23,EXPIRADA
167,259,30000.0,3.44,MENSAL,589.87,2021-07-23,2021-08-04,ACEITA
168,260,30000.0,2.14,MENSAL,371.39,2023-11-12,2023-11-19,ACEITA
169,261,75000.0,2.11,MENSAL,637.21,2022-08-18,2022-09-02,EXPIRADA
170,262,40000.0,3.38,MENSAL,375.66,2022-01-16,2022-01-24,ACEITA
171,263,120000.0,2.88,MENSAL,1713.41,2022-10-23,2022-11-04,AGUARDANDO_ACEITE
172,265,200000.0,1.73,MENSAL,4770.27,2024-05-01,2024-05-15,EXPIRADA
173,266,80000.0,18.67,ANUAL,1574.63,2022-11-26,2022-12-05,EXPIRADA
174,267,30000.0,1.6,MENSAL,279.15,2022-12-08,2022-12-17,ACEITA
175,268,55000.0,2.04,MENSAL,1220.52,2024-07-14,2024-07-25,ACEITA
176,269,45000.0,20.23,ANUAL,565.38,2021-06-06,2021-06-20,ACEITA
177,270,60000.0,1.38,MENSAL,1322.07,2026-06-07,2026-06-16,EXPIRADA
178,271,60000.0,22.22,ANUAL,590.04,2022-04-26,2022-05-08,ACEITA
179,272,75000.0,2.66,MENSAL,1302.99,2021-05-11,2021-05-22,AGUARDANDO_ACEITE
180,273,60000.0,2.69,MENSAL,1412.0,2021-06-16,2021-06-24,RECUSADA
181,275,75000.0,2.61,MENSAL,761.84,2026-04-22,2026-05-05,EXPIRADA
182,276,40000.0,1.55,MENSAL,754.34,2023-10-13,2023-10-27,EXPIRADA
183,277,40000.0,2.84,MENSAL,989.85,2026-08-04,2026-08-16,ACEITA
184,278,50000.0,1.57,MENSAL,400.6,2024-01-29,2024-02-06,AGUARDANDO_ACEITE
185,280,75000.0,16.8,ANUAL,507.6,2022-06-06,2022-06-14,EXPIRADA
186,283,75000.0,2.89,MENSAL,1386.29,2025-08-13,2025-08-23,EXPIRADA
187,284,80000.0,23.15,ANUAL,943.58,2025-03-19,2025-03-30,ACEITA
188,286,135000.0,24.08,ANUAL,867.36,2023-07-09,2023-07-20,RECUSADA
189,288,50000.0,17.0,ANUAL,725.31,2023-07-10,2023-07-19,ACEITA
190,289,200000.0,1.9,MENSAL,4015.08,2024-11-27,2024-12-08,ACEITA
191,290,200000.0,2.29,MENSAL,2140.49,2024-05-19,2024-05-28,ACEITA
192,291,80000.0,1.35,MENSAL,936.08,2024-08-23,2024-09-05,AGUARDANDO_ACEITE
193,292,37000.0,2.57,MENSAL,810.82,2022-11-18,2022-12-02,ACEITA
194,293,80000.0,1.81,MENSAL,1232.12,2026-03-08,2026-03-20,EXPIRADA
195,294,113000.0,2.28,MENSAL,2469.57,2023-09-06,2023-09-13,ACEITA
196,295,50000.0,3.39,MENSAL,696.39,2022-03-26,2022-04-10,ACEITA
197,296,75000.0,1.97,MENSAL,1804.46,2023-11-19,2023-11-26,ACEITA
198,299,120000.0,16.5,ANUAL,2161.91,2023-10-23,2023-11-07,ACEITA
199,301,65000.0,16.74,ANUAL,475.67,2023-04-10,2023-04-17,ACEITA
200,303,80000.0,2.0,MENSAL,1816.15,2023-05-27,2023-06-07,ACEITA
201,304,120000.0,3.32,MENSAL,1774.24,2021-06-12,2021-06-19,ACEITA
202,305,30000.0,2.36,MENSAL,234.98,2023-12-22,2023-12-29,RECUSADA
203,306,30000.0,2.74,MENSAL,241.61,2021-05-03,2021-05-16,EXPIRADA
204,307,74000.0,20.74,ANUAL,1387.55,2022-05-28,2022-06-10,ACEITA
205,308,58000.0,1.35,MENSAL,344.95,2021-04-20,2021-04-28,EXPIRADA
206,310,50000.0,2.96,MENSAL,536.59,2024-08-02,2024-08-17,EXPIRADA
207,312,73000.0,1.93,MENSAL,569.09,2022-06-04,2022-06-13,EXPIRADA
208,315,30000.0,1.26,MENSAL,414.65,2021-10-02,2021-10-11,RECUSADA
209,316,63000.0,2.01,MENSAL,837.09,2026-08-01,2026-08-10,RECUSADA
210,317,150000.0,1.28,MENSAL,2315.63,2021-08-29,2021-09-09,RECUSADA
211,319,100000.0,2.28,MENSAL,1059.27,2022-04-18,2022-04-26,RECUSADA
212,320,60000.0,16.11,ANUAL,338.45,2024-12-04,2024-12-14,AGUARDANDO_ACEITE
213,322,45000.0,3.38,MENSAL,777.95,2023-08-19,2023-08-27,EXPIRADA
214,323,150000.0,2.81,MENSAL,1871.15,2022-03-25,2022-04-01,ACEITA
215,326,100000.0,3.15,MENSAL,1802.67,2024-07-08,2024-07-18,RECUSADA
216,328,150000.0,20.95,ANUAL,1076.0,2022-02-06,2022-02-19,ACEITA
217,329,19000.0,3.06,MENSAL,100.24,2023-07-29,2023-08-11,AGUARDANDO_ACEITE
218,331,110000.0,3.46,MENSAL,1096.25,2022-08-04,2022-08-14,ACEITA
219,333,40000.0,1.32,MENSAL,565.24,2023-08-26,2023-09-04,ACEITA
220,334,75000.0,3.01,MENSAL,966.11,2021-03-28,2021-04-11,ACEITA
221,335,200000.0,20.78,ANUAL,4241.21,2026-06-07,2026-06-20,ACEITA
222,336,40000.0,2.5,MENSAL,502.27,2026-01-14,2026-01-28,ACEITA
223,337,40000.0,2.56,MENSAL,624.35,2026-01-25,2026-02-09,ACEITA
224,338,150000.0,3.21,MENSAL,2530.55,2024-04-24,2024-05-08,ACEITA
225,340,120000.0,15.62,ANUAL,652.4,2022-10-14,2022-10-29,EXPIRADA
226,341,200000.0,16.66,ANUAL,3060.53,2022-12-08,2022-12-18,ACEITA
227,342,108000.0,2.9,MENSAL,1284.84,2022-04-23,2022-05-03,ACEITA
228,343,120000.0,2.73,MENSAL,1611.07,2026-04-02,2026-04-11,ACEITA
229,344,30000.0,2.03,MENSAL,210.17,2026-02-01,2026-02-10,ACEITA
230,346,154000.0,16.71,ANUAL,3181.09,2021-07-28,2021-08-10,ACEITA
231,347,35000.0,2.24,MENSAL,834.68,2024-10-23,2024-11-05,RECUSADA
232,353,80000.0,2.63,MENSAL,435.63,2023-09-02,2023-09-16,EXPIRADA
233,354,75000.0,21.14,ANUAL,1277.06,2025-12-08,2025-12-16,ACEITA
234,356,60000.0,2.12,MENSAL,1216.61,2023-12-07,2023-12-18,RECUSADA
235,359,100000.0,2.1,MENSAL,1069.62,2024-01-27,2024-02-04,AGUARDANDO_ACEITE
236,360,120000.0,2.03,MENSAL,2490.13,2025-05-15,2025-05-30,ACEITA
237,361,200000.0,23.51,ANUAL,3529.42,2025-05-05,2025-05-14,ACEITA
238,362,40000.0,3.12,MENSAL,943.33,2025-11-30,2025-12-08,AGUARDANDO_ACEITE
239,363,83000.0,20.55,ANUAL,2043.47,2022-04-10,2022-04-22,ACEITA
240,364,54000.0,2.18,MENSAL,315.73,2021-01-05,2021-01-19,RECUSADA
241,365,60000.0,1.86,MENSAL,833.93,2022-05-07,2022-05-22,RECUSADA
242,366,50000.0,3.37,MENSAL,796.99,2021-10-11,2021-10-18,ACEITA
243,367,40000.0,3.15,MENSAL,317.39,2025-07-01,2025-07-10,ACEITA
244,368,60000.0,1.54,MENSAL,703.54,2025-07-08,2025-07-16,ACEITA
245,370,100000.0,3.2,MENSAL,2475.29,2026-01-29,2026-02-07,AGUARDANDO_ACEITE
246,372,60000.0,2.22,MENSAL,319.48,2023-12-19,2023-12-30,AGUARDANDO_ACEITE
247,373,120000.0,21.62,ANUAL,1686.02,2024-12-16,2024-12-25,RECUSADA
248,374,40000.0,3.28,MENSAL,874.12,2026-06-11,2026-06-18,EXPIRADA
249,375,150000.0,22.66,ANUAL,1721.7,2026-08-12,2026-08-23,AGUARDANDO_ACEITE
250,377,150000.0,2.36,MENSAL,2189.4,2022-05-04,2022-05-11,ACEITA
251,378,120000.0,2.47,MENSAL,2947.31,2025-11-16,2025-11-25,RECUSADA
252,379,40000.0,1.42,MENSAL,579.9,2025-05-10,2025-05-17,EXPIRADA
253,380,50000.0,1.52,MENSAL,380.92,2025-11-15,2025-11-22,ACEITA
254,382,75000.0,2.05,MENSAL,452.58,2021-02-08,2021-02-18,ACEITA
255,384,120000.0,2.91,MENSAL,2869.0,2025-03-22,2025-04-05,RECUSADA
256,385,60000.0,2.96,MENSAL,618.97,2021-08-23,2021-09-05,EXPIRADA
257,394,60000.0,2.33,MENSAL,904.88,2023-03-25,2023-04-01,ACEITA
258,396,71000.0,2.79,MENSAL,483.8,2021-03-18,2021-03-25,EXPIRADA
259,397,72000.0,2.52,MENSAL,970.06,2025-08-21,2025-08-31,AGUARDANDO_ACEITE
260,398,30000.0,1.3,MENSAL,708.06,2025-08-12,2025-08-24,EXPIRADA
261,401,163000.0,2.92,MENSAL,2452.87,2025-11-22,2025-12-05,AGUARDANDO_ACEITE
262,402,75000.0,2.84,MENSAL,1831.7,2026-06-28,2026-07-12,ACEITA
263,404,200000.0,2.03,MENSAL,2035.34,2025-03-09,2025-03-19,AGUARDANDO_ACEITE
264,406,44000.0,1.73,MENSAL,664.0,2022-10-25,2022-11-02,ACEITA
265,408,100000.0,3.44,MENSAL,2219.06,2023-11-05,2023-11-12,ACEITA
266,409,46000.0,1.99,MENSAL,642.39,2022-02-05,2022-02-13,ACEITA
267,410,120000.0,19.28,ANUAL,1270.77,2023-12-30,2024-01-06,ACEITA
268,411,32000.0,1.8,MENSAL,707.5,2024-11-14,2024-11-28,ACEITA
269,413,37000.0,2.66,MENSAL,473.52,2024-11-19,2024-11-28,RECUSADA
270,414,108000.0,1.23,MENSAL,1686.36,2025-09-28,2025-10-12,EXPIRADA
271,415,66000.0,1.36,MENSAL,1619.02,2025-06-12,2025-06-23,RECUSADA
272,416,71000.0,3.1,MENSAL,619.81,2021-11-16,2021-11-27,ACEITA
273,417,35000.0,3.38,MENSAL,385.98,2023-06-17,2023-06-28,ACEITA
274,418,50000.0,2.42,MENSAL,281.07,2025-11-30,2025-12-14,EXPIRADA
275,419,30000.0,1.68,MENSAL,385.1,2025-10-23,2025-10-30,AGUARDANDO_ACEITE
276,421,60000.0,2.26,MENSAL,540.22,2026-08-06,2026-08-13,ACEITA
277,423,60000.0,1.46,MENSAL,1116.04,2023-06-01,2023-06-11,EXPIRADA
278,424,120000.0,1.23,MENSAL,1035.17,2023-12-14,2023-12-24,EXPIRADA
279,425,50000.0,3.27,MENSAL,924.81,2025-12-07,2025-12-18,ACEITA
280,426,40000.0,1.84,MENSAL,410.78,2023-05-28,2023-06-10,RECUSADA
281,427,18000.0,2.77,MENSAL,217.88,2023-06-21,2023-07-03,ACEITA
282,428,26000.0,3.05,MENSAL,311.41,2023-11-05,2023-11-14,RECUSADA
283,432,50000.0,2.71,MENSAL,966.75,2022-12-13,2022-12-22,AGUARDANDO_ACEITE
284,433,50000.0,1.95,MENSAL,716.51,2025-05-17,2025-05-30,ACEITA
285,434,60000.0,1.9,MENSAL,733.56,2024-04-10,2024-04-18,ACEITA
286,437,200000.0,1.38,MENSAL,4410.49,2023-10-30,2023-11-10,ACEITA
287,439,91000.0,2.88,MENSAL,1495.95,2022-06-17,2022-06-28,RECUSADA
288,440,75000.0,3.12,MENSAL,695.75,2021-06-03,2021-06-16,ACEITA
289,441,100000.0,3.3,MENSAL,2300.18,2024-02-05,2024-02-18,EXPIRADA
290,443,48000.0,2.15,MENSAL,568.94,2024-11-04,2024-11-15,EXPIRADA
291,444,50000.0,3.2,MENSAL,288.98,2023-10-27,2023-11-05,ACEITA
292,445,79000.0,16.06,ANUAL,1176.47,2025-09-24,2025-10-04,RECUSADA
293,446,75000.0,24.4,ANUAL,560.91,2022-10-11,2022-10-21,ACEITA
294,447,71000.0,16.82,ANUAL,693.62,2024-05-04,2024-05-12,ACEITA
295,448,60000.0,2.36,MENSAL,1196.53,2025-11-08,2025-11-20,ACEITA
296,449,80000.0,2.49,MENSAL,609.2,2022-04-30,2022-05-08,EXPIRADA
297,450,75000.0,2.47,MENSAL,1585.42,2023-07-11,2023-07-23,EXPIRADA
298,453,30000.0,2.06,MENSAL,712.14,2025-08-23,2025-09-05,EXPIRADA
299,454,75000.0,3.4,MENSAL,1284.8,2021-02-02,2021-02-17,EXPIRADA
300,458,80000.0,1.31,MENSAL,1536.57,2022-07-27,2022-08-04,EXPIRADA
301,459,200000.0,24.46,ANUAL,3854.35,2025-10-29,2025-11-11,ACEITA
302,460,78000.0,3.45,MENSAL,1938.78,2023-06-28,2023-07-05,EXPIRADA
303,461,120000.0,1.26,MENSAL,1419.69,2022-05-14,2022-05-24,ACEITA
304,462,60000.0,1.64,MENSAL,495.43,2024-10-26,2024-11-03,ACEITA
305,464,150000.0,2.88,MENSAL,2307.5,2021-08-10,2021-08-18,ACEITA
306,465,50000.0,1.86,MENSAL,783.25,2023-06-26,2023-07-04,ACEITA
307,466,100000.0,1.66,MENSAL,855.82,2026-07-17,2026-07-24,ACEITA
308,468,40000.0,2.72,MENSAL,690.49,2025-12-08,2025-12-22,ACEITA
309,469,30000.0,1.94,MENSAL,158.47,2022-03-26,2022-04-02,AGUARDANDO_ACEITE
310,473,60000.0,1.56,MENSAL,1413.2,2025-04-04,2025-04-14,ACEITA
311,478,75000.0,2.48,MENSAL,771.86,2026-04-08,2026-04-21,EXPIRADA
312,479,40000.0,17.69,ANUAL,231.65,2025-01-05,2025-01-20,RECUSADA
313,480,60000.0,3.36,MENSAL,429.9,2022-03-10,2022-03-24,ACEITA
314,481,100000.0,2.77,MENSAL,980.5,2021-03-05,2021-03-13,ACEITA
315,482,200000.0,18.75,ANUAL,2095.62,2024-11-12,2024-11-27,ACEITA
316,484,40000.0,2.44,MENSAL,226.25,2022-10-01,2022-10-13,ACEITA
317,485,50000.0,2.21,MENSAL,529.35,2024-02-10,2024-02-18,EXPIRADA
318,486,120000.0,1.92,MENSAL,1063.06,2025-10-19,2025-10-30,ACEITA
319,487,200000.0,1.29,MENSAL,2514.48,2026-02-23,2026-03-10,RECUSADA
320,488,100000.0,16.58,ANUAL,1270.34,2022-03-24,2022-04-03,RECUSADA
321,491,150000.0,1.51,MENSAL,1767.02,2021-05-12,2021-05-20,ACEITA
322,493,100000.0,1.24,MENSAL,1155.85,2024-07-25,2024-08-08,EXPIRADA
323,494,40000.0,3.43,MENSAL,271.79,2023-11-25,2023-12-10,ACEITA
324,496,120000.0,3.48,MENSAL,660.49,2025-12-20,2026-01-04,EXPIRADA
325,497,75000.0,1.52,MENSAL,678.17,2024-02-13,2024-02-28,RECUSADA
326,498,40000.0,2.34,MENSAL,805.32,2025-08-31,2025-09-14,RECUSADA
327,499,120000.0,2.86,MENSAL,2977.94,2023-09-30,2023-10-11,RECUSADA
328,500,80000.0,1.91,MENSAL,1885.64,2024-02-01,2024-02-09,EXPIRADA
329,502,30000.0,2.12,MENSAL,452.53,2026-07-05,2026-07-17,EXPIRADA
330,503,60000.0,2.93,MENSAL,938.19,2022-08-27,2022-09-04,ACEITA
331,504,60000.0,3.22,MENSAL,677.5,2024-06-11,2024-06-22,EXPIRADA
332,505,33000.0,2.63,MENSAL,675.8,2025-01-11,2025-01-23,RECUSADA
333,506,30000.0,2.74,MENSAL,608.85,2025-10-25,2025-11-09,ACEITA
334,509,150000.0,1.51,MENSAL,3282.82,2025-08-26,2025-09-04,EXPIRADA
335,510,79000.0,2.4,MENSAL,1809.9,2025-12-05,2025-12-14,ACEITA
336,511,80000.0,1.99,MENSAL,1094.96,2022-08-14,2022-08-27,ACEITA
337,513,180000.0,2.27,MENSAL,3660.75,2025-07-25,2025-08-01,ACEITA
338,514,75000.0,17.07,ANUAL,1584.6,2022-09-22,2022-10-04,ACEITA
339,518,53000.0,2.28,MENSAL,591.97,2021-03-20,2021-04-02,EXPIRADA
340,520,30000.0,1.72,MENSAL,707.55,2024-09-11,2024-09-22,ACEITA
341,521,64000.0,1.8,MENSAL,440.76,2022-12-28,2023-01-07,ACEITA
342,522,200000.0,2.82,MENSAL,4977.08,2022-09-12,2022-09-26,ACEITA
343,525,150000.0,1.43,MENSAL,3060.27,2025-03-04,2025-03-14,ACEITA
344,526,80000.0,16.36,ANUAL,549.23,2023-11-01,2023-11-14,EXPIRADA
345,527,60000.0,15.75,ANUAL,1087.48,2022-05-17,2022-05-28,EXPIRADA
346,528,150000.0,1.53,MENSAL,852.54,2023-12-24,2023-12-31,AGUARDANDO_ACEITE
347,530,120000.0,1.58,MENSAL,2448.45,2022-07-05,2022-07-16,ACEITA
348,531,40000.0,2.31,MENSAL,839.38,2021-12-20,2021-12-27,ACEITA
349,532,60000.0,2.29,MENSAL,1022.89,2026-07-10,2026-07-25,ACEITA
350,534,54000.0,16.71,ANUAL,1195.41,2023-07-09,2023-07-21,ACEITA
351,535,60000.0,1.88,MENSAL,417.46,2023-10-14,2023-10-24,ACEITA
352,536,65000.0,2.53,MENSAL,683.7,2023-09-13,2023-09-24,ACEITA
353,537,200000.0,3.19,MENSAL,2656.71,2021-07-07,2021-07-19,ACEITA
354,538,120000.0,2.46,MENSAL,701.9,2023-04-11,2023-04-20,ACEITA
355,539,100000.0,3.39,MENSAL,1396.43,2024-12-14,2024-12-23,ACEITA
356,541,40000.0,1.25,MENSAL,412.17,2022-02-17,2022-02-27,EXPIRADA
357,544,150000.0,2.29,MENSAL,1928.21,2023-04-03,2023-04-12,RECUSADA
358,545,150000.0,2.07,MENSAL,2025.31,2022-11-05,2022-11-18,ACEITA
359,546,80000.0,3.14,MENSAL,1807.06,2024-09-10,2024-09-17,EXPIRADA
360,547,80000.0,21.2,ANUAL,832.55,2025-04-01,2025-04-15,EXPIRADA
361,548,60000.0,2.27,MENSAL,1372.49,2025-04-11,2025-04-21,ACEITA
362,549,28000.0,2.11,MENSAL,378.54,2022-02-15,2022-02-27,ACEITA
363,551,162000.0,2.63,MENSAL,1872.1,2026-04-17,2026-04-25,ACEITA
364,552,24000.0,1.41,MENSAL,361.21,2022-06-23,2022-07-03,RECUSADA
365,554,200000.0,1.3,MENSAL,2670.97,2024-04-16,2024-04-29,ACEITA
366,555,60000.0,3.23,MENSAL,608.85,2022-05-31,2022-06-09,RECUSADA
367,556,30000.0,2.84,MENSAL,451.61,2024-01-13,2024-01-21,ACEITA
368,557,100000.0,1.76,MENSAL,803.6,2021-06-27,2021-07-08,ACEITA
369,558,200000.0,2.56,MENSAL,2407.72,2023-12-30,2024-01-07,EXPIRADA
370,559,120000.0,1.3,MENSAL,1957.9,2022-12-06,2022-12-15,ACEITA
371,564,50000.0,2.1,MENSAL,663.41,2025-05-18,2025-05-29,EXPIRADA
372,565,150000.0,2.58,MENSAL,3221.74,2023-01-16,2023-01-28,EXPIRADA
373,566,75000.0,2.79,MENSAL,760.08,2025-06-21,2025-07-03,EXPIRADA
374,567,150000.0,2.55,MENSAL,3659.31,2025-05-27,2025-06-09,ACEITA
375,569,28000.0,1.53,MENSAL,579.44,2025-02-17,2025-03-03,EXPIRADA
376,570,112000.0,23.19,ANUAL,2727.41,2024-11-29,2024-12-06,AGUARDANDO_ACEITE
377,572,150000.0,3.03,MENSAL,3264.41,2023-06-17,2023-06-27,ACEITA
378,574,50000.0,1.59,MENSAL,392.1,2024-10-29,2024-11-05,EXPIRADA
379,575,80000.0,1.74,MENSAL,1242.34,2023-03-16,2023-03-23,RECUSADA
380,576,50000.0,3.29,MENSAL,419.98,2025-08-06,2025-08-14,ACEITA
381,581,50000.0,1.49,MENSAL,1068.23,2023-01-24,2023-02-05,ACEITA
382,584,75000.0,19.09,ANUAL,1251.24,2024-01-07,2024-01-22,EXPIRADA
383,585,200000.0,3.27,MENSAL,2053.8,2026-01-09,2026-01-22,RECUSADA
384,589,50000.0,2.53,MENSAL,1179.6,2026-04-22,2026-05-04,ACEITA
385,590,80000.0,3.4,MENSAL,584.3,2021-07-18,2021-08-01,EXPIRADA
386,592,75000.0,1.5,MENSAL,1220.79,2021-10-22,2021-10-30,ACEITA
387,593,150000.0,2.59,MENSAL,2913.12,2025-12-21,2026-01-04,ACEITA
388,594,60000.0,1.65,MENSAL,370.62,2026-05-31,2026-06-15,RECUSADA
389,596,70000.0,2.57,MENSAL,1187.0,2021-03-05,2021-03-12,EXPIRADA
390,597,80000.0,21.97,ANUAL,1705.44,2021-07-27,2021-08-07,ACEITA
391,598,100000.0,1.24,MENSAL,635.05,2022-02-24,2022-03-10,ACEITA
392,600,38000.0,3.07,MENSAL,579.3,2026-02-21,2026-03-04,ACEITA
393,603,75000.0,2.44,MENSAL,762.84,2021-01-31,2021-02-14,EXPIRADA
394,604,100000.0,2.26,MENSAL,1825.85,2026-06-16,2026-07-01,ACEITA
395,606,69000.0,1.3,MENSAL,508.77,2025-11-19,2025-11-30,ACEITA
396,607,60000.0,1.94,MENSAL,1424.46,2026-03-21,2026-03-28,EXPIRADA
397,608,100000.0,2.97,MENSAL,2289.46,2025-03-30,2025-04-09,AGUARDANDO_ACEITE
398,609,40000.0,1.45,MENSAL,348.78,2025-12-08,2025-12-16,ACEITA
399,611,75000.0,23.55,ANUAL,859.9,2025-01-22,2025-02-02,ACEITA
400,612,120000.0,1.39,MENSAL,2010.32,2025-01-09,2025-01-21,EXPIRADA
401,615,80000.0,2.29,MENSAL,1548.9,2022-01-05,2022-01-16,ACEITA
402,616,200000.0,2.62,MENSAL,2770.62,2026-01-14,2026-01-22,ACEITA
403,617,80000.0,1.33,MENSAL,650.07,2023-09-03,2023-09-12,ACEITA
404,619,119000.0,2.93,MENSAL,842.88,2023-06-22,2023-07-05,RECUSADA
405,620,80000.0,2.94,MENSAL,1999.62,2022-07-23,2022-07-30,RECUSADA
406,621,120000.0,1.49,MENSAL,1692.85,2024-05-30,2024-06-07,ACEITA
407,622,120000.0,16.7,ANUAL,2694.08,2022-05-04,2022-05-19,ACEITA
408,625,50000.0,2.38,MENSAL,732.38,2024-07-01,2024-07-08,EXPIRADA
409,626,131000.0,1.23,MENSAL,3071.58,2022-07-29,2022-08-08,AGUARDANDO_ACEITE
410,628,120000.0,2.12,MENSAL,810.62,2021-10-01,2021-10-09,ACEITA
411,629,30000.0,2.71,MENSAL,218.41,2021-09-15,2021-09-22,ACEITA
412,630,100000.0,2.39,MENSAL,2359.26,2026-01-03,2026-01-13,ACEITA
413,633,96000.0,2.71,MENSAL,2299.19,2025-11-05,2025-11-16,ACEITA
414,636,200000.0,1.31,MENSAL,2258.87,2021-09-11,2021-09-19,ACEITA
415,637,105000.0,3.16,MENSAL,1270.85,2021-04-01,2021-04-08,ACEITA
416,638,200000.0,16.24,ANUAL,2809.8,2023-05-01,2023-05-09,ACEITA
417,640,59000.0,2.93,MENSAL,786.07,2023-04-04,2023-04-16,RECUSADA
418,641,120000.0,18.89,ANUAL,1056.11,2021-07-26,2021-08-09,ACEITA
419,642,104000.0,2.07,MENSAL,2388.62,2026-08-08,2026-08-16,AGUARDANDO_ACEITE
420,644,40000.0,15.4,ANUAL,402.65,2026-01-12,2026-01-21,EXPIRADA
421,646,60000.0,21.85,ANUAL,1146.33,2022-09-23,2022-10-03,ACEITA
422,647,128000.0,1.59,MENSAL,811.92,2026-05-10,2026-05-20,RECUSADA
423,648,54000.0,2.66,MENSAL,311.85,2022-08-24,2022-09-02,ACEITA
424,649,47000.0,2.51,MENSAL,849.51,2021-10-21,2021-10-28,RECUSADA
425,650,60000.0,1.99,MENSAL,706.82,2022-05-23,2022-06-03,ACEITA
426,651,60000.0,2.18,MENSAL,1086.55,2023-04-29,2023-05-09,ACEITA
427,652,40000.0,2.96,MENSAL,275.22,2025-07-31,2025-08-10,ACEITA
428,653,30000.0,18.65,ANUAL,719.91,2022-04-04,2022-04-13,AGUARDANDO_ACEITE
429,654,45000.0,18.46,ANUAL,898.66,2025-11-22,2025-12-07,ACEITA
430,657,120000.0,2.58,MENSAL,2703.04,2021-08-24,2021-09-05,RECUSADA
431,658,80000.0,3.26,MENSAL,618.35,2023-11-30,2023-12-10,EXPIRADA
432,660,30000.0,1.25,MENSAL,342.1,2025-08-30,2025-09-07,AGUARDANDO_ACEITE
433,663,40000.0,2.88,MENSAL,494.68,2023-09-10,2023-09-24,EXPIRADA
434,665,60000.0,3.09,MENSAL,944.61,2022-09-04,2022-09-18,RECUSADA
435,666,117000.0,3.32,MENSAL,1279.67,2026-02-08,2026-02-15,EXPIRADA
436,667,41000.0,2.02,MENSAL,254.72,2023-02-13,2023-02-28,RECUSADA
437,668,82000.0,22.65,ANUAL,1014.96,2021-08-06,2021-08-19,RECUSADA
438,669,200000.0,2.62,MENSAL,2018.2,2025-05-30,2025-06-06,ACEITA
439,670,100000.0,2.25,MENSAL,1271.84,2023-05-25,2023-06-07,RECUSADA
440,671,50000.0,3.37,MENSAL,446.96,2024-02-12,2024-02-19,EXPIRADA
441,673,50000.0,1.79,MENSAL,511.9,2021-09-12,2021-09-19,ACEITA
442,674,31000.0,1.23,MENSAL,543.71,2021-09-02,2021-09-10,ACEITA
443,675,30000.0,2.72,MENSAL,382.89,2023-06-21,2023-07-02,AGUARDANDO_ACEITE
444,676,94000.0,3.35,MENSAL,1119.32,2022-04-04,2022-04-16,EXPIRADA
445,677,75000.0,3.46,MENSAL,1175.86,2023-03-08,2023-03-18,ACEITA
446,679,40000.0,1.27,MENSAL,817.49,2025-05-13,2025-05-21,RECUSADA
447,681,80000.0,1.21,MENSAL,1006.19,2022-07-05,2022-07-13,EXPIRADA
448,682,200000.0,21.09,ANUAL,3350.08,2021-10-03,2021-10-17,EXPIRADA
449,686,37000.0,2.43,MENSAL,899.99,2022-05-28,2022-06-12,ACEITA
450,687,50000.0,15.9,ANUAL,771.98,2022-05-27,2022-06-09,RECUSADA
451,688,186000.0,15.81,ANUAL,4314.45,2024-07-28,2024-08-04,EXPIRADA
452,689,150000.0,2.74,MENSAL,3131.02,2021-10-30,2021-11-13,AGUARDANDO_ACEITE
453,690,80000.0,2.14,MENSAL,493.95,2024-01-09,2024-01-22,RECUSADA
454,691,50000.0,2.73,MENSAL,679.1,2023-07-24,2023-08-04,ACEITA
455,692,20000.0,1.29,MENSAL,379.33,2025-07-01,2025-07-09,RECUSADA
456,693,24000.0,2.69,MENSAL,593.62,2021-01-30,2021-02-14,ACEITA
457,694,30000.0,2.78,MENSAL,425.03,2022-04-04,2022-04-14,ACEITA
458,695,60000.0,22.22,ANUAL,411.34,2025-06-27,2025-07-04,ACEITA
459,696,100000.0,3.22,MENSAL,1624.02,2022-01-03,2022-01-11,ACEITA
460,697,100000.0,1.59,MENSAL,753.13,2021-11-25,2021-12-05,ACEITA
461,698,100000.0,1.95,MENSAL,2003.04,2024-06-08,2024-06-15,RECUSADA
462,699,148000.0,3.23,MENSAL,2242.72,2023-02-14,2023-02-23,ACEITA
463,700,75000.0,2.61,MENSAL,1460.15,2024-11-01,2024-11-12,ACEITA
464,702,80000.0,1.44,MENSAL,1790.98,2021-09-01,2021-09-16,RECUSADA
465,704,200000.0,22.08,ANUAL,3515.79,2026-06-13,2026-06-20,RECUSADA
466,709,200000.0,24.95,ANUAL,3449.76,2025-12-03,2025-12-15,ACEITA
467,711,75000.0,2.26,MENSAL,1506.86,2025-05-23,2025-06-07,EXPIRADA
468,712,80000.0,3.06,MENSAL,1747.93,2022-06-30,2022-07-14,ACEITA
469,713,32000.0,2.26,MENSAL,716.19,2025-04-29,2025-05-14,EXPIRADA
470,717,40000.0,2.81,MENSAL,229.14,2021-01-27,2021-02-04,AGUARDANDO_ACEITE
471,718,150000.0,2.94,MENSAL,2418.57,2024-09-02,2024-09-16,RECUSADA
472,719,80000.0,2.09,MENSAL,746.03,2021-03-09,2021-03-24,EXPIRADA
473,722,21000.0,1.78,MENSAL,466.35,2023-05-29,2023-06-07,EXPIRADA
474,724,175000.0,24.98,ANUAL,3144.39,2026-06-05,2026-06-16,ACEITA
475,727,80000.0,2.2,MENSAL,1072.36,2022-04-17,2022-04-28,RECUSADA
476,728,60000.0,3.49,MENSAL,525.73,2021-05-16,2021-05-27,ACEITA
477,729,60000.0,2.85,MENSAL,706.83,2021-07-31,2021-08-09,RECUSADA
478,730,50000.0,3.13,MENSAL,953.78,2022-11-07,2022-11-22,RECUSADA
479,731,100000.0,20.23,ANUAL,908.72,2021-11-29,2021-12-14,EXPIRADA
480,734,75000.0,3.43,MENSAL,515.37,2022-08-05,2022-08-15,ACEITA
481,735,60000.0,22.62,ANUAL,1365.63,2022-07-04,2022-07-18,AGUARDANDO_ACEITE
482,739,36000.0,16.4,ANUAL,730.23,2024-12-19,2024-12-29,ACEITA
483,740,60000.0,2.37,MENSAL,539.75,2026-06-19,2026-07-03,ACEITA
484,741,120000.0,2.39,MENSAL,1301.55,2025-02-01,2025-02-13,ACEITA
485,742,31000.0,1.44,MENSAL,757.68,2021-04-09,2021-04-20,ACEITA
486,743,75000.0,2.87,MENSAL,1437.28,2021-04-01,2021-04-09,RECUSADA
487,744,30000.0,2.45,MENSAL,516.31,2026-06-02,2026-06-14,ACEITA
488,745,60000.0,1.97,MENSAL,669.15,2024-10-20,2024-10-29,ACEITA
489,746,75000.0,3.19,MENSAL,823.69,2023-12-03,2023-12-11,AGUARDANDO_ACEITE
490,748,75000.0,2.97,MENSAL,434.29,2023-06-14,2023-06-22,EXPIRADA
491,749,100000.0,20.99,ANUAL,1956.96,2024-03-06,2024-03-21,RECUSADA
492,750,75000.0,1.63,MENSAL,439.76,2023-07-17,2023-07-24,AGUARDANDO_ACEITE
493,751,75000.0,18.48,ANUAL,382.29,2025-08-08,2025-08-22,AGUARDANDO_ACEITE
494,753,120000.0,2.18,MENSAL,2350.79,2021-03-18,2021-04-01,ACEITA
495,758,75000.0,1.79,MENSAL,1798.31,2021-11-18,2021-11-25,ACEITA
496,759,80000.0,17.89,ANUAL,1610.4,2022-03-30,2022-04-11,ACEITA
497,761,75000.0,1.3,MENSAL,1082.46,2025-04-01,2025-04-13,ACEITA
498,763,200000.0,3.04,MENSAL,2944.18,2026-03-19,2026-03-29,EXPIRADA
499,768,60000.0,3.24,MENSAL,823.36,2021-05-16,2021-05-29,ACEITA
500,769,60000.0,2.13,MENSAL,689.57,2022-04-19,2022-04-29,RECUSADA
501,770,150000.0,3.23,MENSAL,2315.14,2023-02-08,2023-02-18,AGUARDANDO_ACEITE
502,771,75000.0,16.42,ANUAL,1021.73,2022-05-28,2022-06-07,EXPIRADA
503,772,150000.0,2.73,MENSAL,2544.5,2025-09-29,2025-10-13,EXPIRADA
504,776,50000.0,2.18,MENSAL,1148.12,2023-06-09,2023-06-21,RECUSADA
505,777,40000.0,2.96,MENSAL,996.01,2024-03-06,2024-03-16,ACEITA
506,778,60000.0,1.71,MENSAL,394.49,2025-11-18,2025-12-03,ACEITA
507,782,40000.0,2.63,MENSAL,507.75,2024-06-07,2024-06-21,EXPIRADA
508,785,150000.0,1.2,MENSAL,1292.12,2024-02-16,2024-03-02,RECUSADA
509,788,80000.0,2.03,MENSAL,963.39,2023-09-29,2023-10-12,ACEITA
510,789,105000.0,1.58,MENSAL,1128.69,2022-02-20,2022-03-02,ACEITA
511,790,69000.0,3.28,MENSAL,585.86,2024-11-26,2024-12-09,ACEITA
512,791,60000.0,17.0,ANUAL,1216.89,2021-08-23,2021-09-01,EXPIRADA
513,792,51000.0,2.39,MENSAL,761.21,2024-04-29,2024-05-08,RECUSADA
514,796,50000.0,2.43,MENSAL,1169.25,2022-08-29,2022-09-09,RECUSADA
515,797,120000.0,3.48,MENSAL,678.22,2026-07-13,2026-07-28,RECUSADA
516,800,170000.0,1.2,MENSAL,1077.73,2024-05-29,2024-06-10,ACEITA
